Timestamp;Address;Args
1728295736.9749002;/coixi;(0.2729027271270752, 0.1540287286043167, -0.0625843033194542, 1.0)
1728295737.0799284;/coixi;(0.2799030542373657, 0.14705511927604675, -0.06958646327257156, 1.0)
1728295737.0826259;/coixi;(0.2799030542373657, 0.14705511927604675, -0.06958646327257156, 1.0)
1728295737.1783493;/coixi;(0.0, 0.0, 0.0, 2.0)
1728295737.7979918;/coixi;(0.08394002169370651, -0.03484872356057167, -0.020983457565307617, 1.0)
1728295737.9009483;/coixi;(0.09805149585008621, -0.006600996013730764, -0.09781410545110703, 1.0)
1728295737.9123662;/coixi;(0.11205220967531204, 0.0004146519349887967, -0.09777171909809113, 1.0)
1728295737.997634;/coixi;(0.13994100689888, -0.0555243119597435, -0.09094753861427307, 1.0)
1728295738.1098225;/coixi;(0.13304494321346283, -0.02040885016322136, -0.13279226422309875, 1.0)
1728295738.1108377;/coixi;(0.14704445004463196, -0.03423995524644852, -0.16780082881450653, 1.0)
1728295738.202943;/coixi;(0.1892004907131195, -0.033368002623319626, -0.3566044569015503, 1.0)
1728295738.2055001;/coixi;(0.19623592495918274, -0.033165186643600464, -0.39856287837028503, 1.0)
1728295738.3072724;/coixi;(0.20321021974086761, -0.03322570025920868, -0.3775724470615387, 1.0)
1728295738.3082724;/coixi;(0.20331279933452606, -0.005278329830616713, -0.37045884132385254, 1.0)
1728295738.4092343;/coixi;(0.21029040217399597, -0.005311570130288601, -0.3564610183238983, 1.0)
1728295738.5192754;/coixi;(0.22418588399887085, -0.026303891092538834, -0.3425472676753998, 1.0)
1728295738.5202763;/coixi;(0.2307811975479126, -0.13172978162765503, -0.22410918772220612, 1.0)
1728295738.615398;/coixi;(0.2935252785682678, -0.48252183198928833, 0.018933694809675217, 1.0)
1728295738.6164148;/coixi;(0.24622003734111786, -0.5686798691749573, 0.49430719017982483, 1.0)
1728295738.7165449;/coixi;(0.3903163969516754, -0.5716527104377747, -0.2756485641002655, 1.0)
1728295738.8268201;/coixi;(0.44280147552490234, -0.9680575728416443, -0.6072012186050415, 1.0)
1728295738.828825;/coixi;(0.5002180337905884, -1.7435134649276733, -0.6901467442512512, 1.0)
1728295738.9224105;/coixi;(0.5356014370918274, -3.36714768409729, -0.5842850208282471, 1.0)
1728295738.923403;/coixi;(0.5987451076507568, -9.363330841064453, -0.5777004361152649, 1.0)
1728295739.0251222;/coixi;(0.5849434733390808, -13.599507331848145, -0.08413884788751602, 1.0)
1728295739.026149;/coixi;(0.5770924091339111, -13.903124809265137, 0.02316807210445404, 1.0)
1728295739.1260045;/coixi;(0.5988550186157227, -14.557969093322754, 0.0010213253553956747, 1.0)
1728295739.236448;/coixi;(0.6225284934043884, -15.708198547363281, -0.025658361613750458, 1.0)
1728295739.238451;/coixi;(0.5875715017318726, -18.098342895507812, 0.14688868820667267, 1.0)
1728295739.33155;/coixi;(0.5247777104377747, -21.145156860351562, 0.5509447455406189, 1.0)
1728295739.3325536;/coixi;(0.47844988107681274, -22.3840389251709, 0.719315767288208, 1.0)
1728295739.432449;/coixi;(0.4545201063156128, -22.90500831604004, 0.646896481513977, 1.0)
1728295739.5367415;/coixi;(0.46604686975479126, -23.618181228637695, 0.589910089969635, 1.0)
1728295739.537739;/coixi;(0.47895410656929016, -23.954029083251953, 0.4854719042778015, 1.0)
1728295739.639783;/coixi;(0.48505353927612305, -23.704179763793945, 0.4144684970378876, 1.0)
1728295739.6407804;/coixi;(0.4826916754245758, -22.034746170043945, 0.4037828743457794, 1.0)
1728295739.7397988;/coixi;(0.4759215712547302, -19.156343460083008, 0.4214337468147278, 1.0)
1728295739.7408013;/coixi;(0.4794272780418396, -17.682249069213867, 0.425971120595932, 1.0)
1728295739.8431766;/coixi;(0.4501916468143463, -15.548605918884277, 0.43815726041793823, 1.0)
1728295739.947296;/coixi;(0.43205907940864563, -12.0121431350708, 0.4258460998535156, 1.0)
1728295739.949295;/coixi;(0.4642208516597748, -9.0404634475708, 0.3306219279766083, 1.0)
1728295740.0550058;/coixi;(0.4205528795719147, -6.629103183746338, 0.3679165244102478, 1.0)
1728295740.056377;/coixi;(0.3702782094478607, -3.96874737739563, 0.43342041969299316, 1.0)
1728295740.150083;/coixi;(0.24787332117557526, -2.198981523513794, 0.6269933581352234, 1.0)
1728295740.2537313;/coixi;(0.23427946865558624, -1.0025430917739868, 0.5553686618804932, 1.0)
1728295740.255255;/coixi;(0.21640349924564362, -0.05784139782190323, 0.4616759717464447, 1.0)
1728295740.356323;/coixi;(0.235892191529274, 0.5579980611801147, 0.37359586358070374, 1.0)
1728295740.3573217;/coixi;(0.19982954859733582, 1.4887012243270874, 0.2934678792953491, 1.0)
1728295740.4649408;/coixi;(0.1112612709403038, 2.867633104324341, 0.12208836525678635, 1.0)
1728295740.567346;/coixi;(-0.019889269024133682, 4.295887470245361, -0.10965470969676971, 1.0)
1728295740.5693512;/coixi;(-0.13150468468666077, 4.6947784423828125, -0.2751735746860504, 1.0)
1728295740.662601;/coixi;(-0.3424745798110962, 4.701128005981445, -0.2700609862804413, 1.0)
1728295740.6636033;/coixi;(-0.6836189031600952, 5.071159362792969, -0.3212200701236725, 1.0)
1728295740.7651415;/coixi;(-1.0750936269760132, 5.678794860839844, -0.34375664591789246, 1.0)
1728295740.7671576;/coixi;(-1.0359333753585815, 6.661165714263916, -0.14446283876895905, 1.0)
1728295740.8671846;/coixi;(-0.9736037254333496, 8.098126411437988, -0.12887144088745117, 1.0)
1728295740.9781578;/coixi;(-0.9040417671203613, 9.958057403564453, -0.042237430810928345, 1.0)
1728295740.9801004;/coixi;(-0.6469800472259521, 11.321916580200195, 0.018857985734939575, 1.0)
1728295741.0689716;/coixi;(-0.9257449507713318, 13.772078514099121, 0.19456052780151367, 1.0)
1728295741.0719728;/coixi;(-0.9992488622665405, 16.89189910888672, 0.13995762169361115, 1.0)
1728295741.1734629;/coixi;(-1.1259872913360596, 20.115591049194336, 0.025026479735970497, 1.0)
1728295741.2847548;/coixi;(-0.7481757998466492, 23.328845977783203, 0.15982386469841003, 1.0)
1728295741.286696;/coixi;(-0.8823710083961487, 26.418237686157227, 0.5225273966789246, 1.0)
1728295741.3802023;/coixi;(-1.0865809917449951, 28.768213272094727, 0.4892731308937073, 1.0)
1728295741.3822033;/coixi;(-1.4273513555526733, 30.643163681030273, 0.35364988446235657, 1.0)
1728295741.4821894;/coixi;(-1.747931957244873, 32.24193572998047, 0.057595930993556976, 1.0)
1728295741.4848495;/coixi;(-1.7958732843399048, 34.54775619506836, -0.17206649482250214, 1.0)
1728295741.583522;/coixi;(-1.731906771659851, 35.926963806152344, -0.2939445674419403, 1.0)
1728295741.694591;/coixi;(-1.4517080783843994, 37.217403411865234, -0.27089470624923706, 1.0)
1728295741.6956174;/coixi;(-1.2630252838134766, 38.612579345703125, -0.6092053651809692, 1.0)
1728295741.7901716;/coixi;(-1.1805098056793213, 39.827152252197266, -0.8313423991203308, 1.0)
1728295741.7921789;/coixi;(-0.9200026988983154, 40.61765670776367, -0.8976991772651672, 1.0)
1728295741.890708;/coixi;(-0.796575129032135, 40.84156036376953, -0.915367603302002, 1.0)
1728295742.0009925;/coixi;(-0.5852587223052979, 41.13646697998047, -0.7421492338180542, 1.0)
1728295742.0019937;/coixi;(-0.6869170665740967, 40.77781295776367, -0.7051751613616943, 1.0)
1728295742.0965285;/coixi;(-0.7281454801559448, 40.37496566772461, -0.69454026222229, 1.0)
1728295742.0970464;/coixi;(-0.792182445526123, 39.53971862792969, -0.7726419568061829, 1.0)
1728295742.199504;/coixi;(-0.8492993712425232, 37.96731948852539, -0.6915577054023743, 1.0)
1728295742.200506;/coixi;(-0.9494481086730957, 36.29326629638672, -0.6084474325180054, 1.0)
1728295742.3000615;/coixi;(-0.8825198411941528, 33.42441940307617, -0.5942202210426331, 1.0)
1728295742.404789;/coixi;(-0.7101973295211792, 30.15938377380371, -0.5921268463134766, 1.0)
1728295742.4064815;/coixi;(-0.6142926216125488, 26.522384643554688, -0.6124647259712219, 1.0)
1728295742.5066657;/coixi;(-0.5950286388397217, 22.862794876098633, -0.4670047163963318, 1.0)
1728295742.5086596;/coixi;(-0.5841735601425171, 19.013835906982422, -0.3866643011569977, 1.0)
1728295742.6075506;/coixi;(-0.5038502812385559, 15.110623359680176, -0.10612964630126953, 1.0)
1728295742.7116883;/coixi;(-0.6127602458000183, 10.29612922668457, 0.046759121119976044, 1.0)
1728295742.7146864;/coixi;(-0.7873731851577759, 6.775206565856934, 0.18037769198417664, 1.0)
1728295742.8147047;/coixi;(-1.007343053817749, 3.5545332431793213, 0.2355589121580124, 1.0)
1728295742.8167372;/coixi;(-0.8990901112556458, 0.9948794841766357, 0.42023441195487976, 1.0)
1728295742.916605;/coixi;(-0.9690337181091309, -1.2780394554138184, 0.4400556981563568, 1.0)
1728295742.918603;/coixi;(-0.8462193608283997, -2.726475715637207, 0.43227261304855347, 1.0)
1728295743.0157015;/coixi;(-0.9971461296081543, -4.3075714111328125, 0.4251191318035126, 1.0)
1728295743.120842;/coixi;(-1.1815500259399414, -5.266517162322998, 0.348463237285614, 1.0)
1728295743.121841;/coixi;(-1.4132189750671387, -6.079715728759766, 0.21934756636619568, 1.0)
1728295743.2209718;/coixi;(-1.6610994338989258, -7.082851886749268, 0.1173849105834961, 1.0)
1728295743.2229729;/coixi;(-1.9403105974197388, -7.218262672424316, -0.0544242262840271, 1.0)
1728295743.32477;/coixi;(-2.2328429222106934, -7.270461082458496, -0.21208523213863373, 1.0)
1728295743.4254308;/coixi;(-2.5931777954101562, -6.980717658996582, -0.3717045485973358, 1.0)
1728295743.4284637;/coixi;(-3.4529242515563965, -6.444523811340332, -0.5883943438529968, 1.0)
1728295743.5377276;/coixi;(-5.09614896774292, -5.579876899719238, -0.9062681198120117, 1.0)
1728295743.538723;/coixi;(-7.498517036437988, -4.422976016998291, -1.2786983251571655, 1.0)
1728295743.630838;/coixi;(-10.729757308959961, -3.0200493335723877, -1.7856525182724, 1.0)
1728295743.7435784;/coixi;(-13.823479652404785, -2.575841188430786, -2.5407841205596924, 1.0)
1728295743.7471564;/coixi;(-16.805295944213867, -2.2045512199401855, -3.353071928024292, 1.0)
1728295743.8346996;/coixi;(-19.99148178100586, -1.8569446802139282, -4.343937397003174, 1.0)
1728295743.8372319;/coixi;(-23.64911460876465, -1.7296823263168335, -5.3715643882751465, 1.0)
1728295743.9400775;/coixi;(-27.157140731811523, -1.7112287282943726, -6.495984077453613, 1.0)
1728295743.9420831;/coixi;(-30.188005447387695, -2.0456326007843018, -7.563498020172119, 1.0)
1728295744.049296;/coixi;(-32.96433639526367, -2.445310354232788, -8.637187004089355, 1.0)
1728295744.1515555;/coixi;(-35.785362243652344, -3.0213465690612793, -9.746529579162598, 1.0)
1728295744.1527987;/coixi;(-38.486717224121094, -3.8886544704437256, -10.954090118408203, 1.0)
1728295744.2471333;/coixi;(-40.64825439453125, -4.787202835083008, -12.229241371154785, 1.0)
1728295744.2491364;/coixi;(-42.48108673095703, -5.961333274841309, -13.41744327545166, 1.0)
1728295744.3478498;/coixi;(-44.01123046875, -7.168066024780273, -14.43764877319336, 1.0)
1728295744.4518685;/coixi;(-45.260093688964844, -8.405851364135742, -15.484633445739746, 1.0)
1728295744.4528637;/coixi;(-46.30234146118164, -9.45864200592041, -16.581714630126953, 1.0)
1728295744.554638;/coixi;(-47.048343658447266, -10.112776756286621, -17.832401275634766, 1.0)
1728295744.5561898;/coixi;(-47.63398361206055, -10.653247833251953, -19.068180084228516, 1.0)
1728295744.653647;/coixi;(-48.130638122558594, -11.378009796142578, -20.117027282714844, 1.0)
1728295744.6561797;/coixi;(-48.4284782409668, -12.089289665222168, -21.13307762145996, 1.0)
1728295744.7578878;/coixi;(-48.64251708984375, -12.650575637817383, -22.265121459960938, 1.0)
1728295744.862969;/coixi;(-48.89924621582031, -13.352160453796387, -23.25663948059082, 1.0)
1728295744.8639693;/coixi;(-48.890159606933594, -13.842408180236816, -24.275793075561523, 1.0)
1728295744.9639437;/coixi;(-48.68796920776367, -14.086931228637695, -25.358129501342773, 1.0)
1728295744.96652;/coixi;(-48.354129791259766, -14.326287269592285, -26.315052032470703, 1.0)
1728295745.0648627;/coixi;(-47.91353225708008, -14.462153434753418, -27.244884490966797, 1.0)
1728295745.1689787;/coixi;(-47.31427001953125, -14.606671333312988, -28.048080444335938, 1.0)
1728295745.1701274;/coixi;(-46.420589447021484, -14.508561134338379, -28.887435913085938, 1.0)
1728295745.2717242;/coixi;(-45.2678337097168, -14.2552490234375, -29.76906967163086, 1.0)
1728295745.273726;/coixi;(-43.88323211669922, -13.969407081604004, -30.373783111572266, 1.0)
1728295745.373455;/coixi;(-42.09534454345703, -13.229888916015625, -30.951953887939453, 1.0)
1728295745.3770115;/coixi;(-39.9910774230957, -12.123969078063965, -31.68758201599121, 1.0)
1728295745.475517;/coixi;(-37.55397415161133, -11.185832023620605, -32.126121520996094, 1.0)
1728295745.578415;/coixi;(-34.63856506347656, -9.773628234863281, -32.433082580566406, 1.0)
1728295745.5794182;/coixi;(-31.149534225463867, -8.19112777709961, -32.76182556152344, 1.0)
1728295745.6811028;/coixi;(-27.325496673583984, -6.966423034667969, -32.9305419921875, 1.0)
1728295745.682099;/coixi;(-23.23214340209961, -5.610065937042236, -32.80902862548828, 1.0)
1728295745.7825832;/coixi;(-18.303508758544922, -3.3776676654815674, -32.39262008666992, 1.0)
1728295745.8848681;/coixi;(-12.903290748596191, -1.0335135459899902, -31.350404739379883, 1.0)
1728295745.8877306;/coixi;(-6.749129295349121, 1.590272068977356, -29.69948387145996, 1.0)
1728295745.9880261;/coixi;(6.113870143890381, 5.901828765869141, -24.65837860107422, 1.0)
1728295746.087516;/coixi;(11.785922050476074, 7.227678298950195, -21.332338333129883, 1.0)
1728295746.1928778;/coixi;(16.625869750976562, 8.10373306274414, -18.201963424682617, 1.0)
1728295746.195922;/coixi;(21.026546478271484, 8.811684608459473, -15.007262229919434, 1.0)
1728295746.2947533;/coixi;(25.070032119750977, 9.171309471130371, -11.754230499267578, 1.0)
1728295746.2947533;/coixi;(29.122682571411133, 9.128288269042969, -8.542673110961914, 1.0)
1728295746.3974648;/coixi;(33.08365249633789, 9.127836227416992, -5.343225479125977, 1.0)
1728295746.4079797;/coixi;(36.92555618286133, 8.59554386138916, -2.242405652999878, 1.0)
1728295746.4985318;/coixi;(40.433555603027344, 8.342571258544922, 0.9955449104309082, 1.0)
1728295746.6011202;/coixi;(43.565956115722656, 7.389514923095703, 3.8627490997314453, 1.0)
1728295746.6132057;/coixi;(46.1369743347168, 6.301591396331787, 6.533313751220703, 1.0)
1728295746.7016873;/coixi;(48.44401550292969, 5.016071796417236, 8.938604354858398, 1.0)
1728295746.705999;/coixi;(50.56593704223633, 3.6371357440948486, 11.161055564880371, 1.0)
1728295746.805656;/coixi;(52.47826385498047, 2.1322989463806152, 13.496173858642578, 1.0)
1728295746.9159296;/coixi;(54.17761993408203, 0.5784268379211426, 15.563136100769043, 1.0)
1728295746.917927;/coixi;(55.4219970703125, -0.9168789386749268, 17.415281295776367, 1.0)
1728295747.012533;/coixi;(56.37367248535156, -2.3503217697143555, 19.028467178344727, 1.0)
1728295747.0135314;/coixi;(57.05754470825195, -3.7735843658447266, 20.408964157104492, 1.0)
1728295747.1155894;/coixi;(57.38851547241211, -4.866154670715332, 21.818767547607422, 1.0)
1728295747.1166089;/coixi;(57.40691375732422, -5.892817974090576, 23.036975860595703, 1.0)
1728295747.2159743;/coixi;(57.19629669189453, -6.688704013824463, 24.16212272644043, 1.0)
1728295747.326187;/coixi;(56.99742126464844, -7.562960624694824, 25.18377685546875, 1.0)
1728295747.328181;/coixi;(56.805355072021484, -8.29456901550293, 26.218751907348633, 1.0)
1728295747.422675;/coixi;(56.60554122924805, -8.954645156860352, 27.23303985595703, 1.0)
1728295747.4236658;/coixi;(56.45594787597656, -9.662579536437988, 28.17943572998047, 1.0)
1728295747.5226793;/coixi;(56.213531494140625, -10.268257141113281, 29.012948989868164, 1.0)
1728295747.6326869;/coixi;(56.05499267578125, -10.834495544433594, 29.838132858276367, 1.0)
1728295747.6346915;/coixi;(55.94136047363281, -11.425501823425293, 30.65481948852539, 1.0)
1728295747.7305079;/coixi;(55.84895324707031, -11.94530963897705, 31.43204689025879, 1.0)
1728295747.7311277;/coixi;(55.650474548339844, -12.477956771850586, 32.038536071777344, 1.0)
1728295747.8350935;/coixi;(55.29595947265625, -12.752866744995117, 32.695159912109375, 1.0)
1728295747.8361146;/coixi;(54.691741943359375, -12.889134407043457, 33.27580642700195, 1.0)
1728295747.931815;/coixi;(53.63469696044922, -12.61171817779541, 33.7513313293457, 1.0)
1728295748.0388095;/coixi;(52.021156311035156, -11.722609519958496, 34.145626068115234, 1.0)
1728295748.0408027;/coixi;(50.00357437133789, -10.674756050109863, 34.320430755615234, 1.0)
1728295748.1399088;/coixi;(47.954864501953125, -9.460494041442871, 34.34169387817383, 1.0)
1728295748.140914;/coixi;(46.096309661865234, -8.388233184814453, 34.135013580322266, 1.0)
1728295748.2413816;/coixi;(44.15034484863281, -7.197499752044678, 33.95344543457031, 1.0)
1728295748.3448935;/coixi;(42.1435432434082, -5.8758015632629395, 33.64375305175781, 1.0)
1728295748.3467531;/coixi;(39.85093307495117, -4.0890679359436035, 33.35047149658203, 1.0)
1728295748.442808;/coixi;(37.37129592895508, -2.2103874683380127, 32.97947692871094, 1.0)
1728295748.4474037;/coixi;(34.63429641723633, -0.007200022228062153, 32.51459884643555, 1.0)
1728295748.5489285;/coixi;(31.729263305664062, 2.3051793575286865, 31.782503128051758, 1.0)
1728295748.5499282;/coixi;(28.893110275268555, 4.355135440826416, 30.91887092590332, 1.0)
1728295748.6589766;/coixi;(26.198596954345703, 6.248276233673096, 29.847200393676758, 1.0)
1728295748.7537036;/coixi;(23.49354362487793, 7.97467565536499, 28.789384841918945, 1.0)
1728295748.7552223;/coixi;(20.66735076904297, 10.067988395690918, 27.71278953552246, 1.0)
1728295748.8558846;/coixi;(18.106863021850586, 11.647866249084473, 26.37814712524414, 1.0)
1728295748.8568914;/coixi;(16.0384464263916, 12.437190055847168, 24.845869064331055, 1.0)
1728295748.9579802;/coixi;(14.076438903808594, 12.655679702758789, 23.342607498168945, 1.0)
1728295749.0686839;/coixi;(12.746798515319824, 12.463115692138672, 22.0272216796875, 1.0)
1728295749.0696776;/coixi;(11.682427406311035, 12.27517032623291, 20.92533302307129, 1.0)
1728295749.1638293;/coixi;(10.527952194213867, 12.814667701721191, 19.966041564941406, 1.0)
1728295749.1663947;/coixi;(9.683156967163086, 13.418729782104492, 18.87718963623047, 1.0)
1728295749.2633402;/coixi;(8.909241676330566, 14.538165092468262, 17.878293991088867, 1.0)
1728295749.3725631;/coixi;(8.314703941345215, 15.871646881103516, 17.120407104492188, 1.0)
1728295749.373565;/coixi;(7.9289751052856445, 17.217103958129883, 16.361568450927734, 1.0)
1728295749.4705775;/coixi;(7.576976776123047, 18.575361251831055, 15.583328247070312, 1.0)
1728295749.4715776;/coixi;(7.317431449890137, 19.115354537963867, 14.985902786254883, 1.0)
1728295749.57232;/coixi;(7.227321624755859, 19.273710250854492, 14.288290023803711, 1.0)
1728295749.573323;/coixi;(6.988596439361572, 18.86585807800293, 13.386194229125977, 1.0)
1728295749.673786;/coixi;(6.627237796783447, 17.969770431518555, 12.462278366088867, 1.0)
1728295749.7763212;/coixi;(6.367074966430664, 16.666976928710938, 11.620749473571777, 1.0)
1728295749.7783356;/coixi;(6.190624713897705, 14.168137550354004, 10.907986640930176, 1.0)
1728295749.8799193;/coixi;(6.215813636779785, 9.699283599853516, 9.99954605102539, 1.0)
1728295749.8819177;/coixi;(6.345890522003174, 5.061460971832275, 9.127988815307617, 1.0)
1728295749.9819026;/coixi;(6.30405855178833, 1.8770952224731445, 8.385586738586426, 1.0)
1728295750.0914054;/coixi;(6.449865341186523, -1.1970407962799072, 7.735861301422119, 1.0)
1728295750.094937;/coixi;(6.433072090148926, -2.9738223552703857, 7.042613983154297, 1.0)
1728295750.1834612;/coixi;(6.470563888549805, -4.903532981872559, 6.473818302154541, 1.0)
1728295750.1870313;/coixi;(6.309083938598633, -6.1057844161987305, 6.017049789428711, 1.0)
1728295750.2894826;/coixi;(6.169182300567627, -6.4848127365112305, 5.640723705291748, 1.0)
1728295750.2904816;/coixi;(6.146538734436035, -6.4681782722473145, 5.318026542663574, 1.0)
1728295750.3914165;/coixi;(6.161983966827393, -6.674976825714111, 4.961976528167725, 1.0)
1728295750.501633;/coixi;(6.071237087249756, -6.665300369262695, 4.557817459106445, 1.0)
1728295750.5026283;/coixi;(5.74083948135376, -6.480247974395752, 4.02632474899292, 1.0)
1728295750.5976384;/coixi;(5.222740173339844, -6.427154541015625, 3.5553650856018066, 1.0)
1728295750.5996377;/coixi;(4.42546272277832, -6.560985088348389, 3.1283254623413086, 1.0)
1728295750.6971931;/coixi;(3.4405670166015625, -6.481106281280518, 2.5357677936553955, 1.0)
1728295750.8084292;/coixi;(1.602075219154358, -6.6420159339904785, 1.9439444541931152, 1.0)
1728295750.8094301;/coixi;(-1.0949103832244873, -7.023880481719971, 1.3107733726501465, 1.0)
1728295750.9106007;/coixi;(-4.547078609466553, -8.492292404174805, 0.9688407778739929, 1.0)
1728295751.1153822;/coixi;(-17.804582595825195, -13.925154685974121, -1.4293872117996216, 1.0)
1728295751.207998;/coixi;(-20.69439697265625, -14.568391799926758, -2.8881618976593018, 1.0)
1728295751.218053;/coixi;(-22.632230758666992, -15.12192440032959, -4.176296710968018, 1.0)
1728295751.3124526;/coixi;(-23.98202133178711, -16.284690856933594, -4.952881336212158, 1.0)
1728295751.3124526;/coixi;(-25.212665557861328, -18.03623390197754, -5.219640254974365, 1.0)
1728295751.4141378;/coixi;(-26.466033935546875, -19.03565788269043, -5.694422245025635, 1.0)
1728295751.5248816;/coixi;(-27.648069381713867, -20.22855567932129, -6.1841206550598145, 1.0)
1728295751.526437;/coixi;(-28.41028594970703, -20.909259796142578, -6.961030960083008, 1.0)
1728295751.6210713;/coixi;(-29.06380844116211, -21.524612426757812, -7.892785549163818, 1.0)
1728295751.6230683;/coixi;(-29.707551956176758, -22.21440887451172, -8.401572227478027, 1.0)
1728295751.723444;/coixi;(-30.11996841430664, -23.031885147094727, -8.541857719421387, 1.0)
1728295751.72597;/coixi;(-30.171178817749023, -23.754528045654297, -8.951364517211914, 1.0)
1728295751.8313787;/coixi;(-29.945810317993164, -24.468442916870117, -9.185003280639648, 1.0)
1728295751.9291341;/coixi;(-29.554691314697266, -24.947288513183594, -9.483865737915039, 1.0)
1728295751.9311383;/coixi;(-29.176542282104492, -24.941564559936523, -9.988585472106934, 1.0)
1728295752.0323107;/coixi;(-28.800853729248047, -24.747177124023438, -10.508779525756836, 1.0)
1728295752.0333078;/coixi;(-28.382604598999023, -24.400836944580078, -10.843009948730469, 1.0)
1728295752.13713;/coixi;(-27.58053970336914, -23.9664249420166, -11.092698097229004, 1.0)
1728295752.237211;/coixi;(-26.652503967285156, -23.835817337036133, -10.958205223083496, 1.0)
1728295752.239202;/coixi;(-25.934473037719727, -23.41563606262207, -10.916776657104492, 1.0)
1728295752.338333;/coixi;(-25.206125259399414, -23.333547592163086, -10.848779678344727, 1.0)
1728295752.339331;/coixi;(-24.552814483642578, -23.204343795776367, -10.668384552001953, 1.0)
1728295752.4389286;/coixi;(-23.727922439575195, -23.1530818939209, -10.42883014678955, 1.0)
1728295752.54096;/coixi;(-22.79210662841797, -23.264081954956055, -10.206786155700684, 1.0)
1728295752.542962;/coixi;(-21.781909942626953, -23.102872848510742, -9.953068733215332, 1.0)
1728295752.6461253;/coixi;(-20.58734893798828, -22.715423583984375, -9.564593315124512, 1.0)
1728295752.6481168;/coixi;(-19.253305435180664, -22.481307983398438, -9.013367652893066, 1.0)
1728295752.755253;/coixi;(-17.78365707397461, -21.915834426879883, -8.444110870361328, 1.0)
1728295752.755253;/coixi;(-15.953380584716797, -21.587923049926758, -7.786520957946777, 1.0)
1728295752.857455;/coixi;(-14.049097061157227, -21.392414093017578, -7.000268459320068, 1.0)
1728295752.9510186;/coixi;(-11.912050247192383, -21.389381408691406, -6.049457550048828, 1.0)
1728295752.9520226;/coixi;(-9.463790893554688, -21.606468200683594, -5.1441240310668945, 1.0)
1728295753.0559082;/coixi;(-6.763325214385986, -22.09156608581543, -4.112787246704102, 1.0)
1728295753.0579097;/coixi;(-4.204044818878174, -22.124267578125, -3.365177631378174, 1.0)
1728295753.1561258;/coixi;(-1.6232423782348633, -22.557933807373047, -2.312016725540161, 1.0)
1728295753.2669823;/coixi;(0.7299524545669556, -23.081968307495117, -1.1758753061294556, 1.0)
1728295753.2679832;/coixi;(2.6398513317108154, -23.132368087768555, -0.44084030389785767, 1.0)
1728295753.358177;/coixi;(4.272200107574463, -23.50916862487793, 0.2700485289096832, 1.0)
1728295753.360178;/coixi;(5.807401180267334, -23.867019653320312, 1.1386252641677856, 1.0)
1728295753.4650452;/coixi;(7.835294246673584, -24.289024353027344, 2.0542526245117188, 1.0)
1728295753.4660747;/coixi;(10.039029121398926, -24.760250091552734, 3.0659701824188232, 1.0)
1728295753.565494;/coixi;(12.218984603881836, -24.63125228881836, 4.09793758392334, 1.0)
1728295753.6761985;/coixi;(14.190013885498047, -24.058530807495117, 4.787319183349609, 1.0)
1728295753.6791945;/coixi;(16.11271858215332, -23.428794860839844, 5.307336807250977, 1.0)
1728295753.7684674;/coixi;(18.077735900878906, -22.729589462280273, 5.91084098815918, 1.0)
1728295753.770468;/coixi;(20.12774085998535, -22.235088348388672, 6.479461669921875, 1.0)
1728295753.8723419;/coixi;(22.16640853881836, -22.146923065185547, 7.087701797485352, 1.0)
1728295753.9826124;/coixi;(24.039695739746094, -21.86686897277832, 7.75495719909668, 1.0)
1728295753.9846175;/coixi;(25.599931716918945, -21.11298370361328, 8.166205406188965, 1.0)
1728295754.0840435;/coixi;(27.325359344482422, -20.86781120300293, 8.514527320861816, 1.0)
1728295754.085566;/coixi;(29.260581970214844, -20.59395408630371, 9.182186126708984, 1.0)
1728295754.1784737;/coixi;(30.982709884643555, -20.124582290649414, 10.096452713012695, 1.0)
1728295754.1804662;/coixi;(32.46525955200195, -20.345613479614258, 10.987528800964355, 1.0)
1728295754.2809415;/coixi;(33.91399383544922, -20.777801513671875, 12.048515319824219, 1.0)
1728295754.3825905;/coixi;(35.4035530090332, -20.983850479125977, 12.98302173614502, 1.0)
1728295754.383592;/coixi;(36.6977653503418, -20.954946517944336, 13.763487815856934, 1.0)
1728295754.4870086;/coixi;(37.73733901977539, -20.734325408935547, 14.566346168518066, 1.0)
1728295754.4890165;/coixi;(38.733482360839844, -20.08285903930664, 15.100288391113281, 1.0)
1728295754.5870366;/coixi;(39.78342819213867, -19.31800651550293, 15.537025451660156, 1.0)
1728295754.6922464;/coixi;(40.88576126098633, -17.51698112487793, 15.91330337524414, 1.0)
1728295754.7950153;/coixi;(43.53190994262695, -12.914081573486328, 17.096145629882812, 1.0)
1728295754.7968936;/coixi;(45.14341735839844, -11.164826393127441, 18.088598251342773, 1.0)
1728295754.8962498;/coixi;(46.467430114746094, -10.3992338180542, 19.08810806274414, 1.0)
1728295755.0050652;/coixi;(47.82020950317383, -8.983141899108887, 20.02629852294922, 1.0)
1728295755.0069327;/coixi;(48.818031311035156, -7.759872913360596, 21.143638610839844, 1.0)
1728295755.1022682;/coixi;(49.931148529052734, -6.532809734344482, 22.079463958740234, 1.0)
1728295755.1032658;/coixi;(51.16765213012695, -5.499627113342285, 22.86273193359375, 1.0)
1728295755.2079206;/coixi;(52.20183181762695, -3.8493540287017822, 23.474098205566406, 1.0)
1728295755.2099178;/coixi;(52.85053253173828, -2.488013744354248, 24.027189254760742, 1.0)
1728295755.3048892;/coixi;(53.617027282714844, -1.1534310579299927, 24.610647201538086, 1.0)
1728295755.4080658;/coixi;(54.72238540649414, 0.047130707651376724, 25.28306770324707, 1.0)
1728295755.4090655;/coixi;(55.66328811645508, 0.5797418355941772, 25.700355529785156, 1.0)
1728295755.51159;/coixi;(56.97280502319336, 1.8153823614120483, 26.21780776977539, 1.0)
1728295755.515127;/coixi;(58.030494689941406, 2.822742462158203, 26.504085540771484, 1.0)
1728295755.612375;/coixi;(59.09864044189453, 4.800119876861572, 26.88296127319336, 1.0)
1728295755.722081;/coixi;(60.06366729736328, 6.473513603210449, 27.33109474182129, 1.0)
1728295755.72309;/coixi;(60.62566375732422, 7.831085681915283, 27.762819290161133, 1.0)
1728295755.818241;/coixi;(61.62939453125, 9.511569023132324, 28.240680694580078, 1.0)
1728295755.8202477;/coixi;(62.908145904541016, 11.133492469787598, 28.531648635864258, 1.0)
1728295755.9202936;/coixi;(64.20421600341797, 13.305460929870605, 28.826168060302734, 1.0)
1728295755.9202936;/coixi;(65.34339141845703, 14.867618560791016, 29.155012130737305, 1.0)
1728295756.0196311;/coixi;(66.31558990478516, 15.700732231140137, 29.11665916442871, 1.0)
1728295756.1260502;/coixi;(67.37437438964844, 16.824134826660156, 29.579557418823242, 1.0)
1728295756.1280594;/coixi;(68.73193359375, 17.950942993164062, 30.20777702331543, 1.0)
1728295756.2273636;/coixi;(69.90180969238281, 18.84607696533203, 30.885433197021484, 1.0)
1728295756.2303636;/coixi;(70.89381408691406, 20.045963287353516, 31.613595962524414, 1.0)
1728295756.3288682;/coixi;(71.70744323730469, 21.454425811767578, 32.33164978027344, 1.0)
1728295756.4409852;/coixi;(72.26398468017578, 22.4531307220459, 32.69597244262695, 1.0)
1728295756.441987;/coixi;(72.55584716796875, 23.604631423950195, 33.00053024291992, 1.0)
1728295756.5350466;/coixi;(72.93919372558594, 25.294328689575195, 33.325984954833984, 1.0)
1728295756.5369105;/coixi;(72.97801971435547, 27.274324417114258, 33.47939682006836, 1.0)
1728295756.6369114;/coixi;(72.6266098022461, 28.82119369506836, 33.56375503540039, 1.0)
1728295756.6379113;/coixi;(72.88623046875, 31.095075607299805, 33.77424621582031, 1.0)
1728295756.7387476;/coixi;(72.02238464355469, 33.20707321166992, 33.22447967529297, 1.0)
1728295756.8421729;/coixi;(71.66324615478516, 35.416168212890625, 32.74281692504883, 1.0)
1728295756.8467658;/coixi;(70.56134033203125, 36.96649932861328, 31.644285202026367, 1.0)
1728295756.9456844;/coixi;(69.7645034790039, 38.53704071044922, 30.32469940185547, 1.0)
1728295756.9476697;/coixi;(68.9718246459961, 40.12621307373047, 28.969274520874023, 1.0)
1728295757.0461595;/coixi;(67.52549743652344, 41.199256896972656, 26.875255584716797, 1.0)
1728295757.1496003;/coixi;(65.53340148925781, 42.32780075073242, 24.89182472229004, 1.0)
1728295757.1505942;/coixi;(63.62654113769531, 43.476627349853516, 22.460948944091797, 1.0)
1728295757.2521892;/coixi;(61.34478759765625, 45.00093078613281, 19.833492279052734, 1.0)
1728295757.253192;/coixi;(59.008853912353516, 46.31126022338867, 17.030864715576172, 1.0)
1728295757.3528583;/coixi;(56.79773712158203, 47.391666412353516, 13.992825508117676, 1.0)
1728295757.3548584;/coixi;(54.85038375854492, 48.4719123840332, 10.784367561340332, 1.0)
1728295757.462994;/coixi;(52.654048919677734, 49.32459259033203, 7.487904071807861, 1.0)
1728295757.5652797;/coixi;(50.62325668334961, 49.659828186035156, 4.572511672973633, 1.0)
1728295757.5662944;/coixi;(48.300846099853516, 49.60206985473633, 1.6677662134170532, 1.0)
1728295757.6610637;/coixi;(46.0291633605957, 49.304718017578125, -0.837212324142456, 1.0)
1728295757.6630638;/coixi;(43.07969665527344, 48.469154357910156, -3.1717047691345215, 1.0)
1728295757.7637825;/coixi;(39.91084671020508, 47.393760681152344, -5.4576096534729, 1.0)
1728295757.8684957;/coixi;(36.50751495361328, 45.95612335205078, -7.790447235107422, 1.0)
1728295757.8694992;/coixi;(32.83180618286133, 44.17116165161133, -10.111228942871094, 1.0)
1728295757.9759982;/coixi;(29.322895050048828, 42.47751998901367, -12.171808242797852, 1.0)
1728295757.9779675;/coixi;(25.780838012695312, 40.58642578125, -14.03226089477539, 1.0)
1728295758.0693033;/coixi;(21.982227325439453, 38.41587829589844, -15.479408264160156, 1.0)
1728295758.1806464;/coixi;(18.4792423248291, 36.319766998291016, -16.902070999145508, 1.0)
1728295758.1816437;/coixi;(14.902461051940918, 33.909767150878906, -17.749486923217773, 1.0)
1728295758.2762237;/coixi;(11.276365280151367, 31.103477478027344, -18.03915023803711, 1.0)
1728295758.2782311;/coixi;(7.420521259307861, 27.817808151245117, -17.811878204345703, 1.0)
1728295758.38473;/coixi;(4.1210455894470215, 24.921030044555664, -17.554731369018555, 1.0)
1728295758.3857408;/coixi;(1.2611758708953857, 21.930461883544922, -17.055309295654297, 1.0)
1728295758.4798086;/coixi;(-1.1768152713775635, 18.784156799316406, -16.062191009521484, 1.0)
1728295758.5902336;/coixi;(-3.1336708068847656, 15.873831748962402, -15.165472984313965, 1.0)
1728295758.591236;/coixi;(-4.749140739440918, 13.34485149383545, -14.667373657226562, 1.0)
1728295758.6853867;/coixi;(-6.340686321258545, 10.824273109436035, -14.509739875793457, 1.0)
1728295758.687402;/coixi;(-7.7837419509887695, 8.28491497039795, -14.33338737487793, 1.0)
1728295758.7874436;/coixi;(-9.31954574584961, 5.789981365203857, -14.382838249206543, 1.0)
1728295758.8970048;/coixi;(-10.857696533203125, 3.081549882888794, -14.03713321685791, 1.0)
1728295758.8970048;/coixi;(-12.041316032409668, 1.0052615404129028, -14.121296882629395, 1.0)
1728295758.9923875;/coixi;(-12.82579517364502, -0.8296964764595032, -14.321378707885742, 1.0)
1728295758.9923875;/coixi;(-13.310999870300293, -2.584508180618286, -14.156140327453613, 1.0)
1728295759.0947762;/coixi;(-13.479190826416016, -4.2402424812316895, -13.583806037902832, 1.0)
1728295759.0952837;/coixi;(-13.673140525817871, -5.902661323547363, -12.364874839782715, 1.0)
1728295759.2029982;/coixi;(-13.990172386169434, -7.621619701385498, -10.966076850891113, 1.0)
1728295759.3065434;/coixi;(-14.262351989746094, -9.757596969604492, -9.085835456848145, 1.0)
1728295759.4019754;/coixi;(-14.164911270141602, -13.118635177612305, -5.363348007202148, 1.0)
1728295759.4030414;/coixi;(-13.703943252563477, -14.214326858520508, -4.331201076507568, 1.0)
1728295759.503031;/coixi;(-12.781875610351562, -15.119468688964844, -3.7127461433410645, 1.0)
1728295759.6066277;/coixi;(-11.661096572875977, -15.481049537658691, -2.96726393699646, 1.0)
1728295759.6076283;/coixi;(-10.33994197845459, -15.76957893371582, -2.450122594833374, 1.0)
1728295759.7090404;/coixi;(-8.9822359085083, -15.625777244567871, -1.850868582725525, 1.0)
1728295759.7120566;/coixi;(-7.223741054534912, -15.754668235778809, -1.2100924253463745, 1.0)
1728295759.809768;/coixi;(-5.338289737701416, -15.348730087280273, -0.46392524242401123, 1.0)
1728295759.8117933;/coixi;(-3.124504804611206, -14.52287769317627, -0.031585514545440674, 1.0)
1728295759.9208195;/coixi;(-0.4580661356449127, -13.23953628540039, 0.790084958076477, 1.0)
1728295760.0165534;/coixi;(2.270115852355957, -12.255297660827637, 2.1580898761749268, 1.0)
1728295760.0175416;/coixi;(4.77537202835083, -12.0272798538208, 4.02905797958374, 1.0)
1728295760.1192505;/coixi;(6.50731897354126, -11.136921882629395, 6.294412612915039, 1.0)
1728295760.1207833;/coixi;(7.779627323150635, -9.875155448913574, 7.679526329040527, 1.0)
1728295760.2204938;/coixi;(8.643391609191895, -8.887136459350586, 9.075668334960938, 1.0)
1728295760.3240738;/coixi;(9.11207103729248, -8.00110912322998, 10.425289154052734, 1.0)
1728295760.3255923;/coixi;(9.216315269470215, -7.545201778411865, 12.062697410583496, 1.0)
1728295760.426054;/coixi;(9.29504108428955, -6.820364952087402, 13.233481407165527, 1.0)
1728295760.4280684;/coixi;(9.39338493347168, -5.531001567840576, 13.947542190551758, 1.0)
1728295760.5271988;/coixi;(9.530957221984863, -4.222294807434082, 14.346013069152832, 1.0)
1728295760.638411;/coixi;(8.969942092895508, -2.494905948638916, 14.535737037658691, 1.0)
1728295760.6394105;/coixi;(8.45390796661377, -1.9756464958190918, 15.334301948547363, 1.0)
1728295760.7318006;/coixi;(7.091930866241455, -0.18184752762317657, 15.833282470703125, 1.0)
1728295760.732801;/coixi;(6.0440850257873535, 1.8992531299591064, 16.231487274169922, 1.0)
1728295760.836185;/coixi;(5.206069469451904, 2.616114616394043, 16.77471923828125, 1.0)
1728295760.8381824;/coixi;(4.355928421020508, 3.218221426010132, 17.659639358520508, 1.0)
1728295760.9364715;/coixi;(4.006711006164551, 3.438577890396118, 18.770919799804688, 1.0)
1728295761.049712;/coixi;(2.9365921020507812, 5.281222820281982, 19.548477172851562, 1.0)
1728295761.050706;/coixi;(2.2476162910461426, 5.443539619445801, 20.350963592529297, 1.0)
1728295761.1513474;/coixi;(2.7355902194976807, 4.243849754333496, 21.934907913208008, 1.0)
1728295761.1533456;/coixi;(2.7758877277374268, 3.6267945766448975, 22.55341339111328, 1.0)
1728295761.2504637;/coixi;(2.72249436378479, 4.00577449798584, 22.339967727661133, 1.0)
1728295761.3549778;/coixi;(2.826021909713745, 3.6121022701263428, 22.898929595947266, 1.0)
1728295761.3559341;/coixi;(2.3426897525787354, 3.8274269104003906, 23.565900802612305, 1.0)
1728295761.4499907;/coixi;(1.7767746448516846, 4.533336162567139, 24.024738311767578, 1.0)
1728295761.4519882;/coixi;(1.6316825151443481, 4.409353733062744, 24.793930053710938, 1.0)
1728295761.5525775;/coixi;(1.2234135866165161, 4.695609092712402, 24.89180564880371, 1.0)
1728295761.553588;/coixi;(0.7728850245475769, 4.901936054229736, 25.103412628173828, 1.0)
1728295761.6558368;/coixi;(0.6963798999786377, 4.338972091674805, 25.281475067138672, 1.0)
1728295761.757632;/coixi;(0.38824212551116943, 4.403005599975586, 24.657052993774414, 1.0)
1728295761.7596347;/coixi;(0.9093653559684753, 4.024836540222168, 23.72785186767578, 1.0)
1728295761.857098;/coixi;(1.5628297328948975, 3.5492658615112305, 22.017963409423828, 1.0)
1728295761.8600996;/coixi;(2.7191720008850098, 3.2219746112823486, 19.860715866088867, 1.0)
1728295761.9683447;/coixi;(3.7335150241851807, 3.39035964012146, 17.0914249420166, 1.0)
1728295762.062035;/coixi;(5.2011919021606445, 3.424057960510254, 13.69756031036377, 1.0)
1728295762.0640407;/coixi;(6.902857780456543, 3.466580629348755, 9.417989730834961, 1.0)
1728295762.166643;/coixi;(8.567963600158691, 4.31392240524292, 4.777532577514648, 1.0)
1728295762.168644;/coixi;(9.552421569824219, 5.355920791625977, -0.7195286154747009, 1.0)
1728295762.2693799;/coixi;(10.505472183227539, 7.091540813446045, -5.846453666687012, 1.0)
1728295762.2713833;/coixi;(11.728836059570312, 8.685784339904785, -11.662206649780273, 1.0)
1728295762.379033;/coixi;(13.54258918762207, 10.842769622802734, -16.40911865234375, 1.0)
1728295762.473119;/coixi;(15.457765579223633, 14.512796401977539, -21.518814086914062, 1.0)
1728295762.4747376;/coixi;(16.626995086669922, 15.840824127197266, -25.628358840942383, 1.0)
1728295762.5760496;/coixi;(16.326839447021484, 15.759733200073242, -29.190675735473633, 1.0)
1728295762.57807;/coixi;(15.381034851074219, 15.331384658813477, -32.594669342041016, 1.0)
1728295762.6790261;/coixi;(14.762873649597168, 14.976529121398926, -36.61713409423828, 1.0)
1728295762.7898648;/coixi;(14.136107444763184, 14.368647575378418, -41.04770278930664, 1.0)
1728295762.7908626;/coixi;(13.7020902633667, 12.471158027648926, -44.39704132080078, 1.0)
1728295762.8837557;/coixi;(14.03924560546875, 11.467601776123047, -47.68228530883789, 1.0)
1728295762.8852742;/coixi;(15.289539337158203, 11.819901466369629, -50.56138610839844, 1.0)
1728295762.985565;/coixi;(15.90841293334961, 11.772887229919434, -53.661216735839844, 1.0)
1728295763.090055;/coixi;(16.57023811340332, 12.360461235046387, -57.113677978515625, 1.0)
1728295763.0910516;/coixi;(16.248517990112305, 12.312779426574707, -60.30101013183594, 1.0)
1728295763.1913939;/coixi;(16.06136703491211, 12.338818550109863, -62.69343185424805, 1.0)
1728295763.192388;/coixi;(15.844078063964844, 12.281475067138672, -64.77254486083984, 1.0)
1728295763.294705;/coixi;(15.447893142700195, 12.217958450317383, -66.778564453125, 1.0)
1728295763.297297;/coixi;(14.807108879089355, 12.081406593322754, -68.2110366821289, 1.0)
1728295763.3953063;/coixi;(14.199357032775879, 11.639325141906738, -68.66265869140625, 1.0)
1728295763.4985175;/coixi;(13.71548080444336, 11.34383487701416, -68.27472686767578, 1.0)
1728295763.5015287;/coixi;(13.437726974487305, 10.996062278747559, -67.1583023071289, 1.0)
1728295763.6015227;/coixi;(13.291951179504395, 10.69491958618164, -65.68540954589844, 1.0)
1728295763.6025217;/coixi;(13.409768104553223, 10.367194175720215, -63.271339416503906, 1.0)
1728295763.6998892;/coixi;(13.829265594482422, 10.01422119140625, -59.84702682495117, 1.0)
1728295763.8127804;/coixi;(14.302184104919434, 9.392861366271973, -55.5313606262207, 1.0)
1728295763.8153088;/coixi;(14.919422149658203, 8.763453483581543, -50.64238357543945, 1.0)
1728295763.9055517;/coixi;(15.563431739807129, 7.951546669006348, -45.6851921081543, 1.0)
1728295763.9075742;/coixi;(16.4258975982666, 7.019153118133545, -40.309078216552734, 1.0)
1728295764.0095773;/coixi;(17.176074981689453, 5.8475213050842285, -34.62788391113281, 1.0)
1728295764.0105917;/coixi;(18.19973373413086, 5.039740085601807, -28.519567489624023, 1.0)
1728295764.112568;/coixi;(19.75330924987793, 2.342794418334961, -21.410642623901367, 1.0)
1728295764.222147;/coixi;(20.663785934448242, -0.3930585980415344, -14.909074783325195, 1.0)
1728295764.2241442;/coixi;(21.003183364868164, -2.350578784942627, -9.297883987426758, 1.0)
1728295764.317391;/coixi;(21.52933120727539, -2.9904983043670654, -5.956335067749023, 1.0)
1728295764.319385;/coixi;(21.707199096679688, -4.071579933166504, -3.8028721809387207, 1.0)
1728295764.4185321;/coixi;(21.68450164794922, -5.04531717300415, -2.2981293201446533, 1.0)
1728295764.5296795;/coixi;(21.379255294799805, -5.980469226837158, -1.3474347591400146, 1.0)
1728295764.5306728;/coixi;(21.149410247802734, -6.933813571929932, -0.9855238795280457, 1.0)
1728295764.6248572;/coixi;(20.87702178955078, -7.165575981140137, -0.4237697124481201, 1.0)
1728295764.6340346;/coixi;(21.06160545349121, -6.903857707977295, 0.0010017217136919498, 1.0)
1728295764.735096;/coixi;(21.495820999145508, -8.207476615905762, -0.10673019289970398, 1.0)
1728295764.7370145;/coixi;(23.521549224853516, -10.391063690185547, 0.045515794306993484, 1.0)
1728295764.8294368;/coixi;(24.314842224121094, -14.543917655944824, -0.05014459788799286, 1.0)
1728295764.9319701;/coixi;(24.631866455078125, -16.50971031188965, -0.2228763848543167, 1.0)
1728295764.9329603;/coixi;(24.837095260620117, -16.729198455810547, -0.718122661113739, 1.0)
1728295765.0337808;/coixi;(24.28781509399414, -14.861595153808594, -1.3587696552276611, 1.0)
1728295765.0347846;/coixi;(23.215307235717773, -11.457605361938477, -1.8727083206176758, 1.0)
1728295765.143589;/coixi;(22.300704956054688, -7.7700982093811035, -2.254132032394409, 1.0)
1728295765.2472777;/coixi;(21.74367904663086, -3.5194993019104004, -2.3644866943359375, 1.0)
1728295765.2492692;/coixi;(20.350919723510742, -0.8344542980194092, -2.5860812664031982, 1.0)
1728295765.3418844;/coixi;(21.098590850830078, 4.326053619384766, -2.718391180038452, 1.0)
1728295765.3454325;/coixi;(23.006973266601562, 10.136574745178223, -2.670794725418091, 1.0)
1728295765.444624;/coixi;(23.190528869628906, 10.217655181884766, -2.175044298171997, 1.0)
1728295765.4476607;/coixi;(22.669857025146484, 6.855936527252197, -2.1808276176452637, 1.0)
1728295765.5427356;/coixi;(20.644418716430664, -1.3620846271514893, -3.4988436698913574, 1.0)
1728295765.6488602;/coixi;(20.839353561401367, -1.7928096055984497, -4.089575290679932, 1.0)
1728295765.6498506;/coixi;(20.910173416137695, -1.3946616649627686, -4.001091003417969, 1.0)
1728295765.750709;/coixi;(20.94272804260254, -1.3633241653442383, -3.8603036403656006, 1.0)
1728295765.7517061;/coixi;(20.94503402709961, -1.3535898923873901, -3.7230429649353027, 1.0)
1728295765.8525834;/coixi;(20.963300704956055, -1.3489840030670166, -3.5942490100860596, 1.0)
1728295765.9636762;/coixi;(20.974689483642578, -1.3351671695709229, -3.4778635501861572, 1.0)
1728295765.9662414;/coixi;(20.982330322265625, -1.3144601583480835, -3.359954357147217, 1.0)
1728295766.057571;/coixi;(20.993255615234375, -1.3075321912765503, -3.2448625564575195, 1.0)
1728295766.0585687;/coixi;(20.997350692749023, -1.291354775428772, -3.1421775817871094, 1.0)
1728295766.1590562;/coixi;(21.00362777709961, -1.2886815071105957, -3.041917324066162, 1.0)
1728295766.2696686;/coixi;(21.01347541809082, -1.2697139978408813, -2.95300555229187, 1.0)
1728295766.2716708;/coixi;(21.02359390258789, -1.245182991027832, -2.8559200763702393, 1.0)
1728295766.3721454;/coixi;(21.032949447631836, -1.2399722337722778, -2.769599676132202, 1.0)
1728295766.3731475;/coixi;(21.041975021362305, -1.2253013849258423, -2.69572114944458, 1.0)
1728295766.4724226;/coixi;(21.051130294799805, -1.211937665939331, -2.61496901512146, 1.0)
1728295766.4734244;/coixi;(21.059890747070312, -1.2041524648666382, -2.542386531829834, 1.0)
1728295766.5682971;/coixi;(21.06827163696289, -1.2019450664520264, -2.4779751300811768, 1.0)
1728295766.6718817;/coixi;(21.076744079589844, -1.1928743124008179, -2.412261962890625, 1.0)
1728295766.673885;/coixi;(21.08124542236328, -1.1906460523605347, -2.3476922512054443, 1.0)
1728295766.7758033;/coixi;(21.089448928833008, -1.1802880764007568, -2.288853406906128, 1.0)
1728295766.777809;/coixi;(21.091093063354492, -1.176956295967102, -2.2312798500061035, 1.0)
1728295766.8845515;/coixi;(21.105504989624023, -1.1733307838439941, -2.173776626586914, 1.0)
1728295766.9866602;/coixi;(21.106748580932617, -1.1674010753631592, -2.129944324493408, 1.0)
1728295766.9886565;/coixi;(21.118236541748047, -1.1695387363433838, -2.0807197093963623, 1.0)
1728295767.0793087;/coixi;(21.126001358032227, -1.1647754907608032, -2.0300486087799072, 1.0)
1728295767.0823045;/coixi;(21.133480072021484, -1.1655853986740112, -1.9875526428222656, 1.0)
1728295767.1849904;/coixi;(21.140777587890625, -1.1650967597961426, -1.9519284963607788, 1.0)
1728295767.186752;/coixi;(21.14822006225586, -1.1659159660339355, -1.909433364868164, 1.0)
1728295767.2863262;/coixi;(21.155593872070312, -1.158565640449524, -1.8725056648254395, 1.0)
1728295767.3966348;/coixi;(21.163049697875977, -1.1443488597869873, -1.8342727422714233, 1.0)
1728295767.3986287;/coixi;(21.17013931274414, -1.142572283744812, -1.8055205345153809, 1.0)
1728295767.4914842;/coixi;(21.177227020263672, -1.1407990455627441, -1.7767683267593384, 1.0)
1728295767.4934893;/coixi;(21.17790412902832, -1.139149785041809, -1.7479780912399292, 1.0)
1728295767.5932956;/coixi;(21.19145965576172, -1.1303926706314087, -1.7179585695266724, 1.0)
1728295767.6962361;/coixi;(21.198427200317383, -1.135499358177185, -1.6905133724212646, 1.0)
1728295767.6982412;/coixi;(21.209245681762695, -1.1256014108657837, -1.6674416065216064, 1.0)
1728295767.7989779;/coixi;(21.216289520263672, -1.1238447427749634, -1.6386884450912476, 1.0)
1728295767.7999692;/coixi;(21.223186492919922, -1.120783805847168, -1.6168063879013062, 1.0)
1728295767.9007308;/coixi;(21.223684310913086, -1.1178367137908936, -1.5948857069015503, 1.0)
1728295767.9027402;/coixi;(21.230567932128906, -1.1147797107696533, -1.5730035305023193, 1.0)
1728295768.0021994;/coixi;(21.24384307861328, -1.1116167306900024, -1.5511605739593506, 1.0)
1728295768.113768;/coixi;(21.24424171447754, -1.1155431270599365, -1.5305486917495728, 1.0)
1728295768.1163166;/coixi;(21.251113891601562, -1.112493634223938, -1.5086671113967896, 1.0)
1728295768.205573;/coixi;(21.261547088623047, -1.106866717338562, -1.5006319284439087, 1.0)
1728295768.2065737;/coixi;(21.268329620361328, -1.1106915473937988, -1.4800591468811035, 1.0)
1728295768.3176954;/coixi;(21.27505874633789, -1.1063387393951416, -1.4650471210479736, 1.0)
1728295768.4130235;/coixi;(21.281784057617188, -1.1019877195358276, -1.4500346183776855, 1.0)
1728295768.4140193;/coixi;(21.288503646850586, -1.0976386070251465, -1.4350223541259766, 1.0)
1728295768.51861;/coixi;(21.295150756835938, -1.1001602411270142, -1.4213212728500366, 1.0)
1728295768.5196006;/coixi;(21.30179214477539, -1.1026837825775146, -1.4076210260391235, 1.0)
1728295768.6165092;/coixi;(21.305809020996094, -1.1122171878814697, -1.3952924013137817, 1.0)
1728295768.7179155;/coixi;(21.312450408935547, -1.1147431135177612, -1.3815923929214478, 1.0)
1728295768.7219124;/coixi;(0.0, 0.0, 0.0, 2.0)
1728295775.1719787;/coixi;(1.0983561277389526, 0.13331148028373718, -0.7172827124595642, 1.0)
1728295775.172979;/coixi;(0.6125202178955078, 1.356028437614441, -1.4075310230255127, 1.0)
1728295775.2749176;/coixi;(-0.07377231121063232, 3.8799383640289307, -1.8827357292175293, 1.0)
1728295775.2787926;/coixi;(-0.4799748957157135, 4.579988479614258, -1.550424575805664, 1.0)
1728295775.383819;/coixi;(-1.1407814025878906, 4.822159767150879, -1.3898969888687134, 1.0)
1728295775.4788852;/coixi;(-1.3786067962646484, 5.408123970031738, -1.2107325792312622, 1.0)
1728295775.4818845;/coixi;(-1.5718131065368652, 5.972614288330078, -0.4381422698497772, 1.0)
1728295775.5818872;/coixi;(-1.6791800260543823, 7.437004566192627, 0.6183358430862427, 1.0)
1728295775.5838864;/coixi;(-1.3731123208999634, 8.144747734069824, 0.7853944897651672, 1.0)
1728295775.6820757;/coixi;(-0.46622467041015625, 6.8999738693237305, 0.8232097029685974, 1.0)
1728295775.7933996;/coixi;(1.9161113500595093, 1.6614317893981934, 0.9441148638725281, 1.0)
1728295775.7959442;/coixi;(3.7707245349884033, -1.9894630908966064, 0.5473712086677551, 1.0)
1728295775.8890936;/coixi;(4.942265033721924, -5.110358715057373, -0.43301233649253845, 1.0)
1728295775.8910937;/coixi;(5.1143083572387695, -7.825653553009033, -0.8961635231971741, 1.0)
1728295775.9911377;/coixi;(5.54146146774292, -12.289681434631348, -1.4307918548583984, 1.0)
1728295775.9931445;/coixi;(5.713079452514648, -17.273788452148438, -1.9341710805892944, 1.0)
1728295776.092281;/coixi;(5.618880271911621, -18.00372886657715, -1.4784860610961914, 1.0)
1728295776.1974373;/coixi;(6.0106329917907715, -21.89348030090332, -0.5235457420349121, 1.0)
1728295776.1984565;/coixi;(6.789663314819336, -26.74905776977539, 0.4458605945110321, 1.0)
1728295776.2984164;/coixi;(6.130871295928955, -28.35081672668457, 1.1859508752822876, 1.0)
1728295776.3004193;/coixi;(5.956018447875977, -30.120723724365234, 1.4620314836502075, 1.0)
1728295776.5106704;/coixi;(5.027724742889404, -31.020601272583008, 1.66429603099823, 1.0)
1728295776.5106704;/coixi;(5.269886016845703, -33.11768341064453, 1.5294066667556763, 1.0)
1728295776.6058016;/coixi;(5.0912885665893555, -35.10297393798828, 1.53712797164917, 1.0)
1728295776.6068025;/coixi;(4.772104263305664, -35.41535186767578, 1.6239413022994995, 1.0)
1728295776.7046487;/coixi;(4.50637149810791, -34.74148941040039, 1.7816426753997803, 1.0)
1728295776.8108819;/coixi;(3.894505739212036, -33.42326354980469, 1.6021994352340698, 1.0)
1728295776.8128996;/coixi;(3.258913278579712, -32.51664352416992, 1.2692058086395264, 1.0)
1728295776.9099426;/coixi;(2.7472426891326904, -31.228946685791016, 1.2441496849060059, 1.0)
1728295776.9204996;/coixi;(2.3170270919799805, -29.306926727294922, 1.1907436847686768, 1.0)
1728295777.015305;/coixi;(2.238161087036133, -27.98406410217285, 1.0644739866256714, 1.0)
1728295777.0163398;/coixi;(1.8817867040634155, -25.767194747924805, 0.9866300225257874, 1.0)
1728295777.1162791;/coixi;(1.301377296447754, -21.844804763793945, 0.9323270320892334, 1.0)
1728295777.2201777;/coixi;(0.7272941470146179, -19.059858322143555, 0.946097731590271, 1.0)
1728295777.2211785;/coixi;(-0.09907254576683044, -13.870711326599121, 0.7382503151893616, 1.0)
1728295777.3216763;/coixi;(-0.5348544120788574, -9.340274810791016, 0.42455244064331055, 1.0)
1728295777.323676;/coixi;(-0.38825729489326477, -4.212811470031738, 0.3687085807323456, 1.0)
1728295777.4231145;/coixi;(0.10140109807252884, 2.377986192703247, 0.45988690853118896, 1.0)
1728295777.5333693;/coixi;(0.4457567632198334, 8.284869194030762, 0.16089105606079102, 1.0)
1728295777.5348828;/coixi;(0.613396942615509, 13.295056343078613, 0.07464921474456787, 1.0)
1728295777.6295323;/coixi;(0.4230477511882782, 16.297386169433594, -0.30959218740463257, 1.0)
1728295777.6315286;/coixi;(0.01094389334321022, 17.904647827148438, -1.0070013999938965, 1.0)
1728295777.7310805;/coixi;(-0.3935684561729431, 18.41301918029785, -1.5768656730651855, 1.0)
1728295777.732072;/coixi;(-0.951350212097168, 18.63578987121582, -2.1877317428588867, 1.0)
1728295777.8331087;/coixi;(-1.4931888580322266, 18.911396026611328, -2.86653470993042, 1.0)
1728295777.9437957;/coixi;(-2.7931978702545166, 18.764162063598633, -3.9780936241149902, 1.0)
1728295777.9463801;/coixi;(-4.996454238891602, 18.38106918334961, -5.505379676818848, 1.0)
1728295778.0390785;/coixi;(-7.842216968536377, 17.920969009399414, -7.670241355895996, 1.0)
1728295778.0409336;/coixi;(-11.477076530456543, 16.900005340576172, -9.894957542419434, 1.0)
1728295778.139893;/coixi;(-14.773995399475098, 15.743152618408203, -12.303203582763672, 1.0)
1728295778.2408414;/coixi;(-18.26439666748047, 14.517980575561523, -14.254392623901367, 1.0)
1728295778.2523897;/coixi;(-21.46772003173828, 13.06360912322998, -16.0867977142334, 1.0)
1728295778.3467152;/coixi;(-24.555435180664062, 11.218448638916016, -17.81102180480957, 1.0)
1728295778.3476975;/coixi;(-27.143436431884766, 9.625823020935059, -19.072551727294922, 1.0)
1728295778.4470475;/coixi;(-29.254364013671875, 8.125144958496094, -20.129911422729492, 1.0)
1728295778.551132;/coixi;(-30.825397491455078, 7.019728660583496, -20.985126495361328, 1.0)
1728295778.5521307;/coixi;(-32.313541412353516, 5.495335578918457, -21.734291076660156, 1.0)
1728295778.6606123;/coixi;(-33.618736267089844, 4.1620330810546875, -22.241823196411133, 1.0)
1728295778.6626217;/coixi;(-34.89488983154297, 2.9438064098358154, -22.799461364746094, 1.0)
1728295778.756661;/coixi;(-35.969757080078125, 2.000053644180298, -23.299022674560547, 1.0)
1728295778.758654;/coixi;(-36.94175338745117, 0.9286812543869019, -23.699785232543945, 1.0)
1728295778.8562863;/coixi;(-37.767887115478516, -0.287441223859787, -24.10910415649414, 1.0)
1728295778.961104;/coixi;(-38.6693115234375, -1.3192720413208008, -24.66714096069336, 1.0)
1728295778.9641047;/coixi;(-39.4700927734375, -2.1884570121765137, -25.223047256469727, 1.0)
1728295779.0701854;/coixi;(-39.91580581665039, -2.8196802139282227, -25.78278350830078, 1.0)
1728295779.0711875;/coixi;(-40.10044860839844, -3.344562530517578, -26.17597770690918, 1.0)
1728295779.1655385;/coixi;(-40.19613265991211, -3.7827811241149902, -26.538360595703125, 1.0)
1728295779.1665564;/coixi;(-40.259273529052734, -4.146132946014404, -26.938081741333008, 1.0)
1728295779.2663002;/coixi;(-40.212921142578125, -4.532319068908691, -27.305255889892578, 1.0)
1728295779.3696485;/coixi;(-40.127288818359375, -4.928606033325195, -27.505455017089844, 1.0)
1728295779.37065;/coixi;(-39.825382232666016, -5.173646926879883, -27.697877883911133, 1.0)
1728295779.471788;/coixi;(-39.04554748535156, -5.304874420166016, -27.709701538085938, 1.0)
1728295779.4737897;/coixi;(-37.40196228027344, -5.469641208648682, -27.517873764038086, 1.0)
1728295779.5730672;/coixi;(-35.26036834716797, -5.698424339294434, -27.00603485107422, 1.0)
1728295779.6786995;/coixi;(-32.53401565551758, -5.772584438323975, -26.390092849731445, 1.0)
1728295779.6816988;/coixi;(-29.604515075683594, -5.417863368988037, -25.367450714111328, 1.0)
1728295779.779421;/coixi;(-25.557458877563477, -4.672188758850098, -24.19489097595215, 1.0)
1728295779.78042;/coixi;(-21.707550048828125, -3.8660850524902344, -22.72663688659668, 1.0)
1728295779.8804164;/coixi;(-17.722858428955078, -2.9305288791656494, -21.22427749633789, 1.0)
1728295779.9910827;/coixi;(-13.61793327331543, -1.8515803813934326, -19.791826248168945, 1.0)
1728295779.9930835;/coixi;(-9.217954635620117, -0.3434229791164398, -18.15425682067871, 1.0)
1728295780.0875392;/coixi;(-4.601731300354004, 0.6767930388450623, -16.350963592529297, 1.0)
1728295780.0895376;/coixi;(-0.2333230972290039, 1.5719367265701294, -14.326787948608398, 1.0)
1728295780.1900694;/coixi;(4.055083751678467, 2.471388339996338, -12.276509284973145, 1.0)
1728295780.1910686;/coixi;(8.135000228881836, 3.108839750289917, -10.138565063476562, 1.0)
1728295780.2904308;/coixi;(12.250594139099121, 3.3625309467315674, -7.7654924392700195, 1.0)
1728295780.3938954;/coixi;(16.15387725830078, 3.2909607887268066, -5.338674068450928, 1.0)
1728295780.3964403;/coixi;(20.24859619140625, 2.8955843448638916, -3.0015408992767334, 1.0)
1728295780.496946;/coixi;(24.33785629272461, 3.134901523590088, -0.3260427713394165, 1.0)
1728295780.4999437;/coixi;(28.026487350463867, 3.1589179039001465, 2.1516103744506836, 1.0)
1728295780.5979428;/coixi;(31.150156021118164, 3.158708333969116, 4.551681995391846, 1.0)
1728295780.7039442;/coixi;(33.89363479614258, 2.8096630573272705, 6.775052070617676, 1.0)
1728295780.7064567;/coixi;(36.093353271484375, 2.180647373199463, 8.815463066101074, 1.0)
1728295780.8031306;/coixi;(37.72288513183594, 1.2832996845245361, 10.690869331359863, 1.0)
1728295780.804132;/coixi;(38.98215866088867, 0.4016576111316681, 12.372282981872559, 1.0)
1728295780.9059718;/coixi;(39.97490692138672, -0.39854609966278076, 13.965712547302246, 1.0)
1728295780.9069724;/coixi;(40.82371520996094, -1.206230640411377, 15.472949028015137, 1.0)
1728295781.007099;/coixi;(41.508182525634766, -1.9735596179962158, 16.81222152709961, 1.0)
1728295781.109937;/coixi;(41.94980239868164, -2.8584001064300537, 17.96068000793457, 1.0)
1728295781.1129446;/coixi;(42.158878326416016, -3.6299874782562256, 19.011137008666992, 1.0)
1728295781.2135684;/coixi;(42.26392364501953, -4.2639384269714355, 19.944307327270508, 1.0)
1728295781.2171273;/coixi;(42.16738510131836, -4.756562232971191, 20.84017562866211, 1.0)
1728295781.3229234;/coixi;(41.96982192993164, -5.267552852630615, 21.69644546508789, 1.0)
1728295781.4247854;/coixi;(41.898250579833984, -5.661838054656982, 22.508283615112305, 1.0)
1728295781.4261217;/coixi;(41.64756774902344, -6.08881950378418, 23.180614471435547, 1.0)
1728295781.5199587;/coixi;(41.12272262573242, -6.453388214111328, 23.707862854003906, 1.0)
1728295781.5219588;/coixi;(40.33679962158203, -6.602930545806885, 24.218795776367188, 1.0)
1728295781.623971;/coixi;(39.101043701171875, -6.299471855163574, 24.670839309692383, 1.0)
1728295781.6260931;/coixi;(37.16542434692383, -5.568231582641602, 25.011106491088867, 1.0)
1728295781.7239797;/coixi;(34.86061096191406, -4.645872116088867, 24.929027557373047, 1.0)
1728295781.8338783;/coixi;(32.4334831237793, -3.7254064083099365, 24.629287719726562, 1.0)
1728295781.8353891;/coixi;(29.96102523803711, -2.743950366973877, 24.23401641845703, 1.0)
1728295781.930299;/coixi;(27.54159164428711, -1.6838363409042358, 23.77345848083496, 1.0)
1728295781.9313169;/coixi;(24.971683502197266, -0.38281646370887756, 23.172073364257812, 1.0)
1728295782.031039;/coixi;(22.395715713500977, 0.7530487179756165, 22.43716812133789, 1.0)
1728295782.1352365;/coixi;(19.778722763061523, 2.099881649017334, 21.66470718383789, 1.0)
1728295782.1361682;/coixi;(17.198123931884766, 3.404127359390259, 20.792736053466797, 1.0)
1728295782.2380962;/coixi;(14.806897163391113, 4.474419593811035, 19.615230560302734, 1.0)
1728295782.2380962;/coixi;(12.593090057373047, 5.797382354736328, 18.342866897583008, 1.0)
1728295782.337913;/coixi;(10.510536193847656, 7.168663024902344, 17.041959762573242, 1.0)
1728295782.439812;/coixi;(8.271223068237305, 8.414901733398438, 15.582052230834961, 1.0)
1728295782.4428494;/coixi;(5.793422222137451, 8.893433570861816, 13.896307945251465, 1.0)
1728295782.543965;/coixi;(3.4559383392333984, 9.011373519897461, 12.263094902038574, 1.0)
1728295782.5449665;/coixi;(1.4686726331710815, 9.285168647766113, 10.810070037841797, 1.0)
1728295782.6560302;/coixi;(-0.09781943261623383, 9.030352592468262, 9.512982368469238, 1.0)
1728295782.6580198;/coixi;(-1.7826710939407349, 8.472641944885254, 8.349512100219727, 1.0)
1728295782.7480958;/coixi;(-3.723991870880127, 7.9880051612854, 6.9522528648376465, 1.0)
1728295782.852758;/coixi;(-5.354956150054932, 7.875123500823975, 5.696301460266113, 1.0)
1728295782.8537586;/coixi;(-6.701408863067627, 7.547037601470947, 4.681934356689453, 1.0)
1728295782.9540164;/coixi;(-8.097517013549805, 6.816883563995361, 3.6018121242523193, 1.0)
1728295782.9550133;/coixi;(-9.481924057006836, 5.608786106109619, 2.482872724533081, 1.0)
1728295783.054823;/coixi;(-10.859354972839355, 3.45099139213562, 1.4266611337661743, 1.0)
1728295783.1662736;/coixi;(-12.154077529907227, 0.1280737817287445, 0.40432149171829224, 1.0)
1728295783.1692724;/coixi;(-13.296241760253906, -1.5145283937454224, -0.4876999855041504, 1.0)
1728295783.2622669;/coixi;(-14.478638648986816, -3.0096497535705566, -1.417028546333313, 1.0)
1728295783.2649796;/coixi;(-15.57713794708252, -6.473415851593018, -2.229025363922119, 1.0)
1728295783.363224;/coixi;(-16.124645233154297, -10.459258079528809, -2.4577841758728027, 1.0)
1728295783.3660018;/coixi;(-16.273618698120117, -13.830809593200684, -2.4676859378814697, 1.0)
1728295783.4637756;/coixi;(-16.044925689697266, -17.144643783569336, -2.2219011783599854, 1.0)
1728295783.576014;/coixi;(-15.319408416748047, -20.97285270690918, -2.130268096923828, 1.0)
1728295783.5780132;/coixi;(-14.68147087097168, -23.305011749267578, -2.1087231636047363, 1.0)
1728295783.6708498;/coixi;(-14.070805549621582, -25.783082962036133, -2.1686699390411377, 1.0)
1728295783.671849;/coixi;(-13.084275245666504, -29.40562629699707, -1.9518615007400513, 1.0)
1728295783.7718682;/coixi;(-12.266729354858398, -32.22453308105469, -1.608717679977417, 1.0)
1728295783.8819685;/coixi;(-11.834953308105469, -33.722557067871094, -1.5311251878738403, 1.0)
1728295783.8829825;/coixi;(-11.331384658813477, -34.701446533203125, -1.4563239812850952, 1.0)
1728295783.978571;/coixi;(-10.903517723083496, -35.25755310058594, -1.5382076501846313, 1.0)
1728295783.981596;/coixi;(-10.688907623291016, -35.52415084838867, -1.4506561756134033, 1.0)
1728295784.085106;/coixi;(-10.712194442749023, -34.56002426147461, -1.7620720863342285, 1.0)
1728295784.0870101;/coixi;(-10.66163444519043, -33.479766845703125, -2.0648412704467773, 1.0)
1728295784.1814342;/coixi;(-10.606783866882324, -32.4164924621582, -2.446110963821411, 1.0)
1728295784.2925432;/coixi;(-10.597607612609863, -31.20669174194336, -2.6707465648651123, 1.0)
1728295784.2961028;/coixi;(-10.512398719787598, -30.029756546020508, -2.885054588317871, 1.0)
1728295784.3872604;/coixi;(-10.298042297363281, -28.632558822631836, -3.1146466732025146, 1.0)
1728295784.388337;/coixi;(-10.033348083496094, -26.78986167907715, -3.2539680004119873, 1.0)
1728295784.488968;/coixi;(-9.92133903503418, -23.4592342376709, -3.2419471740722656, 1.0)
1728295784.5924873;/coixi;(-9.682068824768066, -18.275102615356445, -3.2823104858398438, 1.0)
1728295784.5960271;/coixi;(-9.202059745788574, -11.457140922546387, -3.1356818675994873, 1.0)
1728295784.6949377;/coixi;(-8.30884838104248, -4.6861748695373535, -3.42158842086792, 1.0)
1728295784.697405;/coixi;(-7.408371925354004, 1.832295536994934, -3.5706679821014404, 1.0)
1728295784.7973883;/coixi;(-6.627593040466309, 8.210515022277832, -3.7902045249938965, 1.0)
1728295784.7993844;/coixi;(-5.794787406921387, 13.334909439086914, -4.246055603027344, 1.0)
1728295784.8991125;/coixi;(-4.8918375968933105, 18.035085678100586, -4.602656364440918, 1.0)
1728295785.008935;/coixi;(-4.436684608459473, 21.296142578125, -4.9945220947265625, 1.0)
1728295785.0109353;/coixi;(-3.9218742847442627, 24.947959899902344, -5.389825344085693, 1.0)
1728295785.104177;/coixi;(-3.188859462738037, 28.4453182220459, -5.816685676574707, 1.0)
1728295785.1065671;/coixi;(-2.1942055225372314, 31.31524658203125, -5.685227394104004, 1.0)
1728295785.205493;/coixi;(-0.6607581377029419, 34.41383361816406, -5.387018203735352, 1.0)
1728295785.3099406;/coixi;(1.2458566427230835, 37.91671371459961, -5.443737506866455, 1.0)
1728295785.3119361;/coixi;(2.705479621887207, 41.370784759521484, -5.711548328399658, 1.0)
1728295785.409265;/coixi;(4.145421981811523, 43.54114532470703, -5.124917507171631, 1.0)
1728295785.4116561;/coixi;(4.807708740234375, 44.60757827758789, -5.018434047698975, 1.0)
1728295785.5134182;/coixi;(4.89183235168457, 44.80922317504883, -5.153530120849609, 1.0)
1728295785.616917;/coixi;(4.864535808563232, 44.24427795410156, -5.038111209869385, 1.0)
1728295785.6179397;/coixi;(4.725865364074707, 43.754093170166016, -4.996041297912598, 1.0)
1728295785.7190504;/coixi;(4.2898383140563965, 42.98052978515625, -5.036840915679932, 1.0)
1728295785.7220526;/coixi;(3.655780553817749, 41.988704681396484, -5.190517902374268, 1.0)
1728295785.8303926;/coixi;(3.076012134552002, 41.10151290893555, -5.314465522766113, 1.0)
1728295785.8323958;/coixi;(2.6782729625701904, 39.62865447998047, -5.219185829162598, 1.0)
1728295785.9223018;/coixi;(2.1583237648010254, 37.9344367980957, -5.153820991516113, 1.0)
1728295786.0259125;/coixi;(1.6926664113998413, 35.821571350097656, -5.0516886711120605, 1.0)
1728295786.0279133;/coixi;(1.0670429468154907, 32.028343200683594, -5.124134540557861, 1.0)
1728295786.1290345;/coixi;(0.013093126937747002, 26.790203094482422, -4.963204860687256, 1.0)
1728295786.1310346;/coixi;(-0.7264372706413269, 20.214305877685547, -4.767978191375732, 1.0)
1728295786.2378678;/coixi;(-1.0170559883117676, 14.412009239196777, -4.803750991821289, 1.0)
1728295786.3401186;/coixi;(-1.6221184730529785, 8.637069702148438, -4.743601322174072, 1.0)
1728295786.3421187;/coixi;(-1.8653959035873413, 2.773932933807373, -4.582930088043213, 1.0)
1728295786.4352174;/coixi;(-1.7197191715240479, -1.4408774375915527, -4.274511814117432, 1.0)
1728295786.4430842;/coixi;(-1.765477180480957, -5.918771743774414, -4.1869964599609375, 1.0)
1728295786.5378532;/coixi;(-1.499758005142212, -9.794364929199219, -4.122377395629883, 1.0)
1728295786.5398545;/coixi;(-1.1272557973861694, -12.42133903503418, -4.0361785888671875, 1.0)
1728295786.7434397;/coixi;(-0.708376407623291, -17.559101104736328, -3.552924394607544, 1.0)
1728295786.745665;/coixi;(-0.4886592626571655, -19.694229125976562, -3.3850255012512207, 1.0)
1728295786.8461068;/coixi;(-0.40903806686401367, -21.828306198120117, -3.3523621559143066, 1.0)
1728295786.848012;/coixi;(-0.11613526940345764, -23.986745834350586, -3.1867687702178955, 1.0)
1728295786.9474537;/coixi;(0.05806916207075119, -25.555631637573242, -3.046283483505249, 1.0)
1728295787.0571082;/coixi;(0.256039023399353, -26.409147262573242, -3.0792453289031982, 1.0)
1728295787.059107;/coixi;(0.3528929054737091, -26.72322654724121, -2.8842551708221436, 1.0)
1728295787.1525068;/coixi;(0.47981178760528564, -26.362760543823242, -2.6840286254882812, 1.0)
1728295787.1535084;/coixi;(0.3178834915161133, -26.17112159729004, -2.5094857215881348, 1.0)
1728295787.2535233;/coixi;(-0.050822872668504715, -25.862173080444336, -2.49922776222229, 1.0)
1728295787.2550995;/coixi;(-0.7943432927131653, -25.118467330932617, -2.6209704875946045, 1.0)
1728295787.3599942;/coixi;(-1.55183744430542, -24.393234252929688, -2.7946252822875977, 1.0)
1728295787.4595034;/coixi;(-2.725436210632324, -24.499319076538086, -2.9011576175689697, 1.0)
1728295787.4605036;/coixi;(-4.204202175140381, -24.666751861572266, -3.2668683528900146, 1.0)
1728295787.5618982;/coixi;(-5.884646892547607, -25.749326705932617, -3.841118335723877, 1.0)
1728295787.563908;/coixi;(-8.442180633544922, -26.294952392578125, -4.461844444274902, 1.0)
1728295787.6650968;/coixi;(-11.323554992675781, -27.121082305908203, -4.937285423278809, 1.0)
1728295787.7675028;/coixi;(-14.57739543914795, -27.523479461669922, -5.209388732910156, 1.0)
1728295787.7685044;/coixi;(-18.104496002197266, -26.067005157470703, -6.427537441253662, 1.0)
1728295787.8694818;/coixi;(-21.752275466918945, -24.178218841552734, -8.171839714050293, 1.0)
1728295787.8714814;/coixi;(-25.100717544555664, -22.10717010498047, -9.702486991882324, 1.0)
1728295787.969768;/coixi;(-28.07572364807129, -20.264909744262695, -11.637505531311035, 1.0)
1728295787.9707675;/coixi;(-30.848339080810547, -18.31153106689453, -13.316765785217285, 1.0)
1728295788.0811129;/coixi;(-32.98101806640625, -16.75655174255371, -14.926475524902344, 1.0)
1728295788.176265;/coixi;(-34.25870132446289, -14.480871200561523, -16.756834030151367, 1.0)
1728295788.1782598;/coixi;(-35.31983947753906, -12.517401695251465, -18.70746421813965, 1.0)
1728295788.2797544;/coixi;(-36.37990188598633, -10.537808418273926, -20.87684440612793, 1.0)
1728295788.2827463;/coixi;(-37.54155731201172, -9.941548347473145, -22.59886360168457, 1.0)
1728295788.3820772;/coixi;(-38.35360336303711, -10.224905014038086, -23.9471492767334, 1.0)
1728295788.4837284;/coixi;(-39.123172760009766, -10.73342514038086, -24.76780891418457, 1.0)
1728295788.485255;/coixi;(-39.93490219116211, -11.336285591125488, -25.18812370300293, 1.0)
1728295788.5926442;/coixi;(-40.69040298461914, -11.84060287475586, -25.55936622619629, 1.0)
1728295788.593645;/coixi;(-41.361785888671875, -12.72066593170166, -25.81063461303711, 1.0)
1728295788.6873498;/coixi;(-41.877418518066406, -13.376036643981934, -26.00874137878418, 1.0)
1728295788.792397;/coixi;(-42.181312561035156, -13.910683631896973, -26.191829681396484, 1.0)
1728295788.7933986;/coixi;(-42.383216857910156, -14.317720413208008, -26.229124069213867, 1.0)
1728295788.892511;/coixi;(-42.53727722167969, -14.70034122467041, -26.223735809326172, 1.0)
1728295788.893511;/coixi;(-42.58441162109375, -15.065223693847656, -26.255199432373047, 1.0)
1728295789.0019588;/coixi;(-42.570167541503906, -15.39261245727539, -26.21595573425293, 1.0)
1728295789.002961;/coixi;(-42.52595901489258, -15.715299606323242, -25.980379104614258, 1.0)
1728295789.1010103;/coixi;(-42.421844482421875, -16.044939041137695, -25.707746505737305, 1.0)
1728295789.201849;/coixi;(-42.17203903198242, -16.188295364379883, -25.514556884765625, 1.0)
1728295789.2028399;/coixi;(-41.68540573120117, -16.263946533203125, -25.04299545288086, 1.0)
1728295789.3026378;/coixi;(-40.97688674926758, -16.180286407470703, -24.554733276367188, 1.0)
1728295789.3036377;/coixi;(-39.55949783325195, -15.874622344970703, -23.81158447265625, 1.0)
1728295789.4037275;/coixi;(-37.29867172241211, -16.11273956298828, -22.516698837280273, 1.0)
1728295789.512949;/coixi;(-34.34815979003906, -16.155044555664062, -20.94232177734375, 1.0)
1728295789.513942;/coixi;(-30.751014709472656, -16.083251953125, -19.077945709228516, 1.0)
1728295789.6098866;/coixi;(-25.696950912475586, -15.720130920410156, -16.751476287841797, 1.0)
1728295789.6108875;/coixi;(-19.06050682067871, -15.365427017211914, -13.934494018554688, 1.0)
1728295789.7133763;/coixi;(-11.867551803588867, -14.232501983642578, -10.693023681640625, 1.0)
1728295789.7169304;/coixi;(-4.619813919067383, -13.416070938110352, -7.049173355102539, 1.0)
1728295789.815018;/coixi;(1.6538028717041016, -14.47392463684082, -3.7474899291992188, 1.0)
1728295789.914027;/coixi;(7.087867259979248, -17.468069076538086, -0.9691480398178101, 1.0)
1728295789.925018;/coixi;(12.574982643127441, -19.773588180541992, 1.6761772632598877, 1.0)
1728295790.0197992;/coixi;(17.763010025024414, -22.85967445373535, 4.889097690582275, 1.0)
1728295790.0207992;/coixi;(21.94499969482422, -25.27132797241211, 7.257811546325684, 1.0)
1728295790.123478;/coixi;(25.508941650390625, -26.879117965698242, 9.081160545349121, 1.0)
1728295790.2247944;/coixi;(28.591856002807617, -28.00711441040039, 10.134858131408691, 1.0)
1728295790.2270446;/coixi;(30.88576889038086, -29.152542114257812, 10.929313659667969, 1.0)
1728295790.3252378;/coixi;(32.73386764526367, -30.092857360839844, 11.45466423034668, 1.0)
1728295790.3262343;/coixi;(34.242515563964844, -31.169462203979492, 12.34367561340332, 1.0)
1728295790.4294865;/coixi;(35.15879440307617, -31.48468589782715, 13.539846420288086, 1.0)
1728295790.4322314;/coixi;(35.86545181274414, -31.921016693115234, 14.155993461608887, 1.0)
1728295790.5379994;/coixi;(36.520751953125, -32.10115432739258, 14.334033966064453, 1.0)
1728295790.6339066;/coixi;(36.72455596923828, -31.96930694580078, 15.018019676208496, 1.0)
1728295790.6348999;/coixi;(37.009849548339844, -31.87159538269043, 15.501431465148926, 1.0)
1728295790.7362812;/coixi;(36.92842483520508, -31.703773498535156, 16.352148056030273, 1.0)
1728295790.7362812;/coixi;(36.74909973144531, -31.328577041625977, 17.084131240844727, 1.0)
1728295790.8369775;/coixi;(36.637115478515625, -30.705678939819336, 17.62696075439453, 1.0)
1728295790.9414656;/coixi;(36.74241638183594, -30.478635787963867, 17.99298667907715, 1.0)
1728295790.942467;/coixi;(36.787986755371094, -30.232980728149414, 18.322040557861328, 1.0)
1728295791.043783;/coixi;(36.7701416015625, -30.12050437927246, 18.670808792114258, 1.0)
1728295791.0447826;/coixi;(36.44658660888672, -29.686786651611328, 19.131244659423828, 1.0)
1728295791.144133;/coixi;(36.12350082397461, -29.225727081298828, 19.498085021972656, 1.0)
1728295791.249034;/coixi;(35.847930908203125, -28.95267677307129, 19.664342880249023, 1.0)
1728295791.251579;/coixi;(35.558292388916016, -28.536792755126953, 19.74219512939453, 1.0)
1728295791.3512301;/coixi;(35.059505462646484, -28.02164649963379, 19.769344329833984, 1.0)
1728295791.352155;/coixi;(34.41253662109375, -27.45902442932129, 19.751014709472656, 1.0)
1728295791.4530804;/coixi;(33.58273696899414, -26.48528289794922, 19.5537109375, 1.0)
1728295791.4550817;/coixi;(32.6882438659668, -25.323843002319336, 19.22488784790039, 1.0)
1728295791.5550952;/coixi;(31.771181106567383, -23.930908203125, 18.999107360839844, 1.0)
1728295791.6581547;/coixi;(30.382823944091797, -21.383560180664062, 18.76266098022461, 1.0)
1728295791.6591547;/coixi;(28.830923080444336, -17.290613174438477, 18.067798614501953, 1.0)
1728295791.760916;/coixi;(27.035634994506836, -11.940199851989746, 17.722288131713867, 1.0)
1728295791.7629313;/coixi;(25.711212158203125, -7.663121223449707, 17.48797035217285, 1.0)
1728295791.8612707;/coixi;(25.248489379882812, -1.3651834726333618, 18.06770133972168, 1.0)
1728295791.9721036;/coixi;(25.21514129638672, 4.061885356903076, 18.82999038696289, 1.0)
1728295791.9741058;/coixi;(25.739442825317383, 9.332852363586426, 20.178585052490234, 1.0)
1728295792.0668948;/coixi;(26.543678283691406, 14.473447799682617, 22.310226440429688, 1.0)
1728295792.0678964;/coixi;(27.368831634521484, 19.778987884521484, 24.8001766204834, 1.0)
1728295792.1783512;/coixi;(29.11673927307129, 25.454132080078125, 27.768428802490234, 1.0)
1728295792.1803548;/coixi;(31.543283462524414, 31.246723175048828, 31.20003890991211, 1.0)
1728295792.2690494;/coixi;(33.84175491333008, 36.84977340698242, 34.437828063964844, 1.0)
1728295792.3819456;/coixi;(36.48115158081055, 41.46511459350586, 37.601951599121094, 1.0)
1728295792.3829477;/coixi;(39.6886100769043, 45.326087951660156, 40.942405700683594, 1.0)
1728295792.4736602;/coixi;(44.0271110534668, 47.772239685058594, 45.16880416870117, 1.0)
1728295792.4772308;/coixi;(48.45335006713867, 48.924407958984375, 49.824222564697266, 1.0)
1728295792.5859122;/coixi;(55.320899963378906, 49.64130401611328, 55.81806945800781, 1.0)
1728295792.6812356;/coixi;(62.45624542236328, 48.94301223754883, 61.12419891357422, 1.0)
1728295792.6832376;/coixi;(70.44864654541016, 47.605289459228516, 66.25240325927734, 1.0)
1728295792.783511;/coixi;(79.50370788574219, 46.47653579711914, 71.39155578613281, 1.0)
1728295792.7860394;/coixi;(85.37301635742188, 44.9856071472168, 74.54745483398438, 1.0)
1728295792.8833983;/coixi;(89.87411499023438, 43.571449279785156, 76.69158935546875, 1.0)
1728295792.8869414;/coixi;(92.97835540771484, 41.88658142089844, 78.04548645019531, 1.0)
1728295792.996288;/coixi;(94.89682006835938, 40.28801727294922, 78.7127456665039, 1.0)
1728295793.2123373;/coixi;(96.73518371582031, 34.50128936767578, 78.33222198486328, 1.0)
1728295793.2156327;/coixi;(97.57548522949219, 33.03988265991211, 78.32282257080078, 1.0)
1728295793.4175167;/coixi;(98.48196411132812, 30.39529800415039, 78.17166137695312, 1.0)
1728295793.4195116;/coixi;(97.99679565429688, 29.445417404174805, 77.86483764648438, 1.0)
1728295793.5036845;/coixi;(96.4066162109375, 29.10053825378418, 77.44158172607422, 1.0)
1728295793.5062156;/coixi;(92.97213745117188, 29.687110900878906, 76.78059387207031, 1.0)
1728295793.6058795;/coixi;(86.17475891113281, 31.194704055786133, 75.48905181884766, 1.0)
1728295793.6078804;/coixi;(76.13490295410156, 33.295265197753906, 73.63751983642578, 1.0)
1728295793.7139595;/coixi;(65.17051696777344, 36.12814712524414, 71.3809814453125, 1.0)
1728295793.810828;/coixi;(51.3217887878418, 39.58210754394531, 68.30831146240234, 1.0)
1728295793.8138278;/coixi;(38.38410949707031, 42.89218521118164, 64.20881652832031, 1.0)
1728295793.9138236;/coixi;(24.85564422607422, 46.753143310546875, 59.07387924194336, 1.0)
1728295793.9170141;/control;(44.599998474121094, 0.68359375, 0.0, 1.0)
1728295793.9190347;/coixi;(15.734187126159668, 50.48225402832031, 52.59196472167969, 1.0)
1728295794.0291104;/coixi;(9.127159118652344, 54.24365234375, 45.46559143066406, 1.0)
1728295794.2134695;/coixi;(-4.127968788146973, 65.19827270507812, 13.612199783325195, 1.0)
1728295794.219989;/coixi;(-8.366981506347656, 66.05889129638672, -0.6725283861160278, 1.0)
1728295794.4391162;/coixi;(-15.701275825500488, 63.63858413696289, -22.18907928466797, 1.0)
1728295794.4411173;/coixi;(-19.40915298461914, 61.20033264160156, -28.94769859313965, 1.0)
1728295794.6394255;/coixi;(-25.711294174194336, 53.38390350341797, -39.976837158203125, 1.0)
1728295794.6404235;/coixi;(-26.912492752075195, 50.86439895629883, -42.181434631347656, 1.0)
1728295794.8407557;/coixi;(-29.83709144592285, 45.564361572265625, -45.48059844970703, 1.0)
1728295794.8417547;/coixi;(-31.063135147094727, 43.08466339111328, -46.8781623840332, 1.0)
1728295794.9349923;/coixi;(-32.16600036621094, 40.7352180480957, -48.31376266479492, 1.0)
1728295794.9371676;/coixi;(-33.606109619140625, 38.10690689086914, -49.397430419921875, 1.0)
1728295795.036214;/coixi;(-34.934410095214844, 35.51934051513672, -50.46488571166992, 1.0)
1728295795.146953;/coixi;(-36.3111686706543, 32.89045715332031, -51.36484146118164, 1.0)
1728295795.1489792;/coixi;(-37.61265182495117, 30.305543899536133, -52.36288833618164, 1.0)
1728295795.242922;/coixi;(-38.80086135864258, 27.847702026367188, -53.329345703125, 1.0)
1728295795.246326;/coixi;(-39.904327392578125, 25.492565155029297, -54.15675735473633, 1.0)
1728295795.345217;/coixi;(-40.98090744018555, 23.196359634399414, -55.02664566040039, 1.0)
1728295795.3480675;/coixi;(-41.99763870239258, 20.96572494506836, -55.73103332519531, 1.0)
1728295795.4460018;/coixi;(-42.90463638305664, 18.891035079956055, -56.41402053833008, 1.0)
1728295795.5560722;/coixi;(-43.72056198120117, 16.894100189208984, -57.10868835449219, 1.0)
1728295795.5580714;/coixi;(-44.53572082519531, 14.941636085510254, -57.6914176940918, 1.0)
1728295795.6496122;/coixi;(-45.366310119628906, 12.970771789550781, -58.55400466918945, 1.0)
1728295795.6506126;/coixi;(-46.18665313720703, 10.997618675231934, -59.43667984008789, 1.0)
1728295795.7530358;/coixi;(-46.73585891723633, 9.41508960723877, -60.348960876464844, 1.0)
1728295795.8664522;/coixi;(-46.91392517089844, 8.361834526062012, -61.77825164794922, 1.0)
1728295795.8674529;/coixi;(-47.01026153564453, 7.256746292114258, -63.20747375488281, 1.0)
1728295795.9591885;/coixi;(-47.40978240966797, 5.753713130950928, -64.1954116821289, 1.0)
1728295795.961265;/coixi;(-47.75096130371094, 4.239170551300049, -64.72930145263672, 1.0)
1728295796.0607965;/coixi;(-47.82561111450195, 3.0349769592285156, -65.07728576660156, 1.0)
1728295796.0638006;/coixi;(-47.559410095214844, 1.8620439767837524, -65.21583557128906, 1.0)
1728295796.1698525;/coixi;(-46.5760498046875, 0.7260631918907166, -65.13178253173828, 1.0)
1728295796.265686;/coixi;(-45.04485321044922, -0.06150630861520767, -64.70397186279297, 1.0)
1728295796.2677133;/coixi;(-44.237388610839844, -2.144141912460327, -62.956947326660156, 1.0)
1728295796.36767;/coixi;(-43.1328125, -3.8379569053649902, -61.59013748168945, 1.0)
1728295796.3696673;/coixi;(-42.285648345947266, -5.709466457366943, -59.9183349609375, 1.0)
1728295796.4696002;/coixi;(-40.30839920043945, -6.590702056884766, -58.6539306640625, 1.0)
1728295796.5733945;/coixi;(-37.51971435546875, -7.010481357574463, -57.01598358154297, 1.0)
1728295796.5751965;/coixi;(-34.03316116333008, -6.420259952545166, -54.72712707519531, 1.0)
1728295796.6721082;/coixi;(-30.29351234436035, -5.4356689453125, -52.432037353515625, 1.0)
1728295796.675104;/coixi;(-26.885000228881836, -4.432215213775635, -50.141414642333984, 1.0)
1728295796.7770362;/coixi;(-23.19938087463379, -3.559967517852783, -47.67422103881836, 1.0)
1728295796.8815331;/coixi;(-19.251907348632812, -2.8221938610076904, -45.154273986816406, 1.0)
1728295796.88353;/coixi;(-15.035475730895996, -1.7827885150909424, -42.356937408447266, 1.0)
1728295796.98367;/coixi;(-11.056280136108398, -1.308417558670044, -39.60215759277344, 1.0)
1728295796.9851875;/coixi;(-7.441744327545166, -2.7645647525787354, -36.773193359375, 1.0)
1728295797.0850475;/coixi;(-4.298927307128906, -4.3273701667785645, -34.24580001831055, 1.0)
1728295797.0874815;/coixi;(-2.016895055770874, -5.1801629066467285, -32.083778381347656, 1.0)
1728295797.1859868;/coixi;(1.0889043807983398, -7.48775577545166, -29.822742462158203, 1.0)
1728295797.2980282;/coixi;(4.993164539337158, -9.14460563659668, -27.290042877197266, 1.0)
1728295797.3000286;/coixi;(9.689804077148438, -11.54963493347168, -24.381988525390625, 1.0)
1728295797.3927026;/coixi;(13.998486518859863, -12.844091415405273, -21.472320556640625, 1.0)
1728295797.3937037;/coixi;(18.004173278808594, -14.366003036499023, -18.528783798217773, 1.0)
1728295797.49345;/coixi;(21.679811477661133, -16.494895935058594, -15.587353706359863, 1.0)
1728295797.5993564;/coixi;(28.091751098632812, -20.7562255859375, -10.544119834899902, 1.0)
1728295797.7059238;/coixi;(30.48748779296875, -23.016836166381836, -8.57538890838623, 1.0)
1728295797.8003986;/coixi;(32.612037658691406, -25.62490463256836, -4.781297206878662, 1.0)
1728295797.8014033;/coixi;(33.441043853759766, -27.44888687133789, -3.2124035358428955, 1.0)
1728295797.902843;/coixi;(33.743072509765625, -28.689315795898438, -1.8705759048461914, 1.0)
1728295798.0031507;/coixi;(33.514888763427734, -30.031261444091797, -0.6706166863441467, 1.0)
1728295798.0154743;/coixi;(33.14516830444336, -30.817724227905273, -0.35335350036621094, 1.0)
1728295798.1089287;/coixi;(32.320072174072266, -30.565631866455078, -1.1949275732040405, 1.0)
1728295798.1109302;/coixi;(31.391584396362305, -31.04798698425293, -3.220554828643799, 1.0)
1728295798.2102993;/coixi;(29.25955581665039, -27.265628814697266, -6.594759941101074, 1.0)
1728295798.3215647;/coixi;(25.867938995361328, -22.213590621948242, -9.343119621276855, 1.0)
1728295798.3235643;/coixi;(21.328025817871094, -15.388055801391602, -12.797719955444336, 1.0)
1728295798.4147701;/coixi;(15.813041687011719, -7.89326810836792, -15.718506813049316, 1.0)
1728295798.4157822;/coixi;(12.494475364685059, -2.1269915103912354, -18.699155807495117, 1.0)
1728295798.5185869;/coixi;(11.065415382385254, 5.325427055358887, -22.417545318603516, 1.0)
1728295798.5205913;/coixi;(12.107744216918945, 12.007990837097168, -24.368877410888672, 1.0)
1728295798.6196523;/coixi;(14.583372116088867, 17.061832427978516, -26.577001571655273, 1.0)
1728295798.7235835;/coixi;(17.8194580078125, 20.54132652282715, -28.3507080078125, 1.0)
1728295798.7235835;/coixi;(21.94963836669922, 26.736309051513672, -28.168296813964844, 1.0)
1728295798.8250127;/coixi;(26.76021385192871, 31.729646682739258, -26.094276428222656, 1.0)
1728295798.827449;/coixi;(27.24242401123047, 32.1606330871582, -25.65891456604004, 1.0)
1728295798.9270701;/coixi;(27.16463851928711, 31.443845748901367, -24.851696014404297, 1.0)
1728295799.0290565;/coixi;(26.732921600341797, 31.54273223876953, -24.130712509155273, 1.0)
1728295799.0320644;/coixi;(25.144208908081055, 33.68157196044922, -23.854751586914062, 1.0)
1728295799.1329517;/coixi;(24.800704956054688, 32.5594367980957, -21.75771713256836, 1.0)
1728295799.1339467;/coixi;(24.533308029174805, 31.708492279052734, -20.665950775146484, 1.0)
1728295799.2322903;/coixi;(24.388456344604492, 30.64666748046875, -19.597322463989258, 1.0)
1728295799.2347937;/coixi;(24.21182632446289, 29.850444793701172, -18.702444076538086, 1.0)
1728295799.3450615;/coixi;(24.062301635742188, 29.000640869140625, -17.83001136779785, 1.0)
1728295799.436567;/coixi;(23.9403133392334, 28.084686279296875, -16.966556549072266, 1.0)
1728295799.439566;/coixi;(23.856456756591797, 27.0633544921875, -16.09556770324707, 1.0)
1728295799.5429149;/coixi;(23.780677795410156, 26.12735939025879, -15.279877662658691, 1.0)
1728295799.5482488;/coixi;(23.709259033203125, 25.202959060668945, -14.480377197265625, 1.0)
1728295799.643299;/coixi;(23.621381759643555, 24.38760757446289, -13.745962142944336, 1.0)
1728295799.7472389;/coixi;(23.51262855529785, 23.728839874267578, -13.084205627441406, 1.0)
1728295799.748239;/coixi;(23.399425506591797, 23.07594871520996, -12.45075511932373, 1.0)
1728295799.8503866;/coixi;(23.28350257873535, 22.42783546447754, -11.819869995117188, 1.0)
1728295799.8513868;/coixi;(23.171825408935547, 21.791202545166016, -11.185686111450195, 1.0)
1728295799.9514515;/coixi;(23.052949905395508, 21.191221237182617, -10.583735466003418, 1.0)
1728295800.0538442;/coixi;(22.952049255371094, 20.531606674194336, -9.932592391967773, 1.0)
1728295800.054846;/coixi;(22.865556716918945, 19.845746994018555, -9.30954647064209, 1.0)
1728295800.1571708;/coixi;(22.791831970214844, 19.089086532592773, -8.673964500427246, 1.0)
1728295800.159716;/coixi;(22.717187881469727, 18.387266159057617, -8.057523727416992, 1.0)
1728295800.25643;/coixi;(22.659502029418945, 17.572586059570312, -7.314384937286377, 1.0)
1728295800.2599454;/coixi;(22.5251407623291, 16.882213592529297, -6.466102600097656, 1.0)
1728295800.3608906;/coixi;(22.369361877441406, 16.194604873657227, -5.615698337554932, 1.0)
1728295800.461158;/coixi;(22.21567726135254, 15.38713264465332, -4.683218002319336, 1.0)
1728295800.4717011;/coixi;(21.98581314086914, 14.483551979064941, -3.5163753032684326, 1.0)
1728295800.5733206;/coixi;(21.646360397338867, 13.524593353271484, -2.104597330093384, 1.0)
1728295800.5733206;/coixi;(21.268653869628906, 12.428099632263184, -0.7003978490829468, 1.0)
1728295800.6679327;/coixi;(20.875837326049805, 11.273438453674316, 0.6904582381248474, 1.0)
1728295800.7779129;/coixi;(20.26374626159668, 9.223196983337402, 2.7345621585845947, 1.0)
1728295800.7789137;/coixi;(19.763132095336914, 7.697511672973633, 3.797726631164551, 1.0)
1728295800.8739333;/coixi;(19.73369789123535, 7.488807678222656, 3.694960355758667, 1.0)
1728295800.8749335;/coixi;(19.720317840576172, 7.242245197296143, 3.5940332412719727, 1.0)
1728295800.9747934;/coixi;(19.711891174316406, 7.00847864151001, 3.4984381198883057, 1.0)
1728295801.08502;/coixi;(19.696542739868164, 6.558598518371582, 3.3213863372802734, 1.0)
1728295801.1209476;/coixi;(19.688091278076172, 6.35751485824585, 3.2383086681365967, 1.0)
1728295801.1419823;/coixi;(19.681442260742188, 6.1634440422058105, 3.1577036380767822, 1.0)
1728295801.1934364;/coixi;(19.674549102783203, 5.973442554473877, 3.0861752033233643, 1.0)
1728295801.2611988;/coixi;(19.672855377197266, 5.79876708984375, 3.013273000717163, 1.0)
1728295801.3210273;/coixi;(19.65920066833496, 5.621605396270752, 2.9465482234954834, 1.0)
1728295801.3834841;/coixi;(19.65253257751465, 5.4667487144470215, 2.8808577060699463, 1.0)
1728295801.4403107;/coixi;(19.652620315551758, 5.325185775756836, 2.820281505584717, 1.0)
1728295801.5005407;/coixi;(19.651081085205078, 5.179135799407959, 2.750739097595215, 1.0)
1728295801.5605836;/coixi;(19.64438247680664, 5.043898582458496, 2.69248628616333, 1.0)
1728295801.620546;/coixi;(19.637670516967773, 4.908658981323242, 2.6342577934265137, 1.0)
1728295801.6800833;/coixi;(19.630949020385742, 4.779963970184326, 2.578505754470825, 1.0)
1728295801.7396805;/coixi;(19.63081169128418, 4.648999214172363, 2.5294787883758545, 1.0)
1728295801.849439;/coixi;(19.628767013549805, 4.406383991241455, 2.4388375282287598, 1.0)
1728295801.9205875;/coixi;(19.622060775756836, 4.303879737854004, 2.392948865890503, 1.0)
1728295801.9703;/coixi;(19.62208366394043, 4.208083152770996, 2.349647045135498, 1.0)
1728295802.0394516;/coixi;(19.610403060913086, 4.112246513366699, 2.306081533432007, 1.0)
1728295802.0930233;/coixi;(19.61041259765625, 4.016437530517578, 2.262798547744751, 1.0)
1728295802.1597664;/coixi;(19.61031150817871, 3.931279420852661, 2.2309749126434326, 1.0)
1728295802.2175772;/coixi;(19.608402252197266, 3.839322090148926, 2.1967391967773438, 1.0)
1728295802.3060637;/coixi;(19.60841178894043, 3.7566077709198, 2.1583635807037354, 1.0)
1728295802.408408;/coixi;(19.608299255371094, 3.671444892883301, 2.1265487670898438, 1.0)
1728295802.519272;/coixi;(19.60146141052246, 3.592702865600586, 2.0970892906188965, 1.0)
1728295802.5202746;/coixi;(19.601455688476562, 3.5165326595306396, 2.0611729621887207, 1.0)
1728295802.6150098;/coixi;(19.601369857788086, 3.4510178565979004, 2.0367085933685303, 1.0)
1728295802.6165535;/coixi;(19.60137939453125, 3.3879451751708984, 2.0056889057159424, 1.0)
1728295802.717677;/coixi;(19.60137367248535, 3.3248705863952637, 1.9746708869934082, 1.0)
1728295802.719674;/coixi;(19.594636917114258, 3.268235206604004, 1.946021318435669, 1.0)
1728295802.8179433;/coixi;(19.59454917907715, 3.2092676162719727, 1.9240113496780396, 1.0)
1728295802.929034;/coixi;(19.59446144104004, 3.150298833847046, 1.9020023345947266, 1.0)
1728295802.933035;/coixi;(19.594388961791992, 3.0978808403015137, 1.8824397325515747, 1.0)
1728295803.0236208;/coixi;(19.594301223754883, 3.038909435272217, 1.860432744026184, 1.0)
1728295803.0261536;/coixi;(19.594228744506836, 2.993041515350342, 1.8433167934417725, 1.0)
1728295803.1248438;/coixi;(19.58749771118164, 2.949521780014038, 1.8195806741714478, 1.0)
1728295803.2350528;/coixi;(19.58742904663086, 2.9036548137664795, 1.802467942237854, 1.0)
1728295803.2372847;/coixi;(19.587434768676758, 2.8667829036712646, 1.7812446355819702, 1.0)
1728295803.3382437;/coixi;(19.587444305419922, 2.836463212966919, 1.7624664306640625, 1.0)
1728295803.3382437;/coixi;(19.587366104125977, 2.7905943393707275, 1.745355248451233, 1.0)
1728295803.4339044;/coixi;(19.587318420410156, 2.7578303813934326, 1.7331331968307495, 1.0)
1728295803.4360535;/coixi;(19.58730697631836, 2.720956563949585, 1.711911678314209, 1.0)
1728295803.535132;/coixi;(19.587244033813477, 2.681638717651367, 1.6972459554672241, 1.0)
1728295803.6423867;/coixi;(19.59218978881836, 2.651266574859619, 1.6785506010055542, 1.0)
1728295803.6433878;/coixi;(19.587181091308594, 2.61855149269104, 1.6662486791610718, 1.0)
1728295803.7494645;/coixi;(19.58712387084961, 2.5857858657836914, 1.654028058052063, 1.0)
1728295803.751459;/coixi;(19.58039093017578, 2.561939239501953, 1.6376500129699707, 1.0)
1728295803.8414643;/coixi;(19.58034324645996, 2.5357275009155273, 1.6278749704360962, 1.0)
1728295803.9533176;/coixi;(19.580347061157227, 2.5185115337371826, 1.6139888763427734, 1.0)
1728295803.9541206;/coixi;(19.580299377441406, 2.4922995567321777, 1.604214072227478, 1.0)
1728295804.045724;/coixi;(0.0, 0.0, 0.0, 2.0)
